year;month;edate;name1;method4;methodstr;method5;sio;antarctic;alaska;citizen;wrongby;abswrong;lastyear;extentday;siostat;siodyn
2008;6;juin-08;;Statistical;Statistical;Statistical;5,56;;;Scientist;0,8725667;0,8725667;4,267267;4,68743;5,56;
2008;6;juin-08;;Statistical;Statistical;Statistical;4,5;;;Scientist;-0,1874332;0,1874332;4,267267;4,68743;4,5;
2008;6;juin-08;;Heuristic;Heuristic;Heuristic;5;;;Scientist;0,3125668;0,3125668;4,267267;4,68743;;
2008;6;juin-08;;Statistical;Statistical;Statistical;3,6;;;Scientist;-1,087433;1,087433;4,267267;4,68743;3,6;
2008;6;juin-08;;Heuristic;Heuristic;Heuristic;3,8;;;Scientist;-0,8874333;0,8874333;4,267267;4,68743;;
2008;6;juin-08;;Statistical;Statistical;Statistical;4,3;;;Scientist;-0,3874331;0,3874331;4,267267;4,68743;4,3;
2008;6;juin-08;;Heuristic;Heuristic;Heuristic;4,3;;;Scientist;-0,3874331;0,3874331;4,267267;4,68743;;
2008;6;juin-08;;Mixed;Mixed;Mixed;3,48;;;Scientist;-1,207433;1,207433;4,267267;4,68743;;
2008;6;juin-08;;Heuristic;Heuristic;Heuristic;3,1;;;Scientist;-1,587433;1,587433;4,267267;4,68743;;
2008;6;juin-08;;Statistical;Statistical;Statistical;5,3;;;Scientist;0,6125669;0,6125669;4,267267;4,68743;5,3;
2008;6;juin-08;;Heuristic;Heuristic;Heuristic;4,1;;;Scientist;-0,5874333;0,5874333;4,267267;4,68743;;
2008;7;juil-08;;Heuristic;Heuristic;Heuristic;3,6;;;Scientist;-1,087433;1,087433;4,267267;4,68743;;
2008;7;juil-08;;Heuristic;Heuristic;Heuristic;2,65;;;Scientist;-2,037433;2,037433;4,267267;4,68743;;
2008;7;juil-08;;Dynamical;Dynamical;Ice-ocean;4,46;;;Scientist;-0,2274332;0,2274332;4,267267;4,68743;;4,46
2008;7;juil-08;;Dynamical;Dynamical;Ice-ocean;4,43;;;Scientist;-0,2574334;0,2574334;4,267267;4,68743;;4,43
2008;7;juil-08;;Statistical;Statistical;Statistical;5,8;;;Scientist;1,112567;1,112567;4,267267;4,68743;5,8;
2008;7;juil-08;;Heuristic;Heuristic;Heuristic;3,1;;;Scientist;-1,587433;1,587433;4,267267;4,68743;;
2008;7;juil-08;;Statistical;Statistical;Statistical;5,3;;;Scientist;0,6125669;0,6125669;4,267267;4,68743;5,3;
2008;7;juil-08;;Statistical;Statistical;Statistical;5,56;;;Scientist;0,8725667;0,8725667;4,267267;4,68743;5,56;
2008;7;juil-08;;Statistical;Statistical;Statistical;4,44;;;Scientist;-0,2474332;0,2474332;4,267267;4,68743;4,44;
2008;7;juil-08;;Statistical;Statistical;Statistical;4,4;;;Scientist;-0,2874331;0,2874331;4,267267;4,68743;4,4;
2008;7;juil-08;;Mixed;Mixed;Mixed;3,5;;;Scientist;-1,187433;1,187433;4,267267;4,68743;;
2008;7;juil-08;;Heuristic;Heuristic;Heuristic;5;;;Scientist;0,3125668;0,3125668;4,267267;4,68743;;
2008;8;août-08;;Heuristic;Heuristic;Heuristic;3,2;;;Scientist;-1,487433;1,487433;4,267267;4,68743;;
2008;8;août-08;;Statistical;Statistical;Statistical;5,56;;;Scientist;0,8725667;0,8725667;4,267267;4,68743;5,56;
2008;8;août-08;;Heuristic;Heuristic;Heuristic;5,4;;;Scientist;0,7125669;0,7125669;4,267267;4,68743;;
2008;8;août-08;;Heuristic;Heuristic;Heuristic;5,3;;;Scientist;0,6125669;0,6125669;4,267267;4,68743;;
2008;8;août-08;;Dynamical;Dynamical;Ice-ocean;5,1;;;Scientist;0,4125667;0,4125667;4,267267;4,68743;;5,1
2008;8;août-08;;Heuristic;Heuristic;Heuristic;3,32;;;Scientist;-1,367433;1,367433;4,267267;4,68743;;
2008;8;août-08;;Statistical;Statistical;Statistical;4,46;;;Scientist;-0,2274332;0,2274332;4,267267;4,68743;4,46;
2008;8;août-08;;Heuristic;Heuristic;Heuristic;4,3;;;Scientist;-0,3874331;0,3874331;4,267267;4,68743;;
2008;8;août-08;;Heuristic;Heuristic;Heuristic;4,4;;;Scientist;-0,2874331;0,2874331;4,267267;4,68743;;
2008;8;août-08;;Heuristic;Heuristic;Heuristic;5;;;Scientist;0,3125668;0,3125668;4,267267;4,68743;;
2008;8;août-08;;Statistical;Statistical;Statistical;5,4;;;Scientist;0,7125669;0,7125669;4,267267;4,68743;5,4;
2008;8;août-08;;Mixed;Mixed;Mixed;4,56;;;Scientist;-0,1274333;0,1274333;4,267267;4,68743;;
2008;8;août-08;;Dynamical;Dynamical;Ice-ocean;4,53;;;Scientist;-0,157433;0,157433;4,267267;4,68743;;4,53
2008;8;août-08;;Statistical;Statistical;Statistical;4,86;;;Scientist;0,1725669;0,1725669;4,267267;4,68743;4,86;
2008;8;août-08;;Heuristic;Heuristic;Heuristic;4,6;;;Scientist;-0,0874333;0,0874333;4,267267;4,68743;;
2008;8;août-08;;Statistical;Statistical;Statistical;5,3;;;Scientist;0,6125669;0,6125669;4,267267;4,68743;5,3;
2009;6;juin-09;;Dynamical;Dynamical;Ice-ocean;4,2;;;Scientist;-1,061634;1,061634;4,687433;5,26163;;4,2
2009;6;juin-09;;Heuristic;Heuristic;Heuristic;4,74;;;Scientist;-0,5216336;0,5216336;4,687433;5,26163;;
2009;6;juin-09;;Dynamical;Dynamical;Ice-ocean;4,9;;;Scientist;-0,3616333;0,3616333;4,687433;5,26163;;4,9
2009;6;juin-09;;Statistical;Statistical;Statistical;4,92;;;Scientist;-0,3416333;0,3416333;4,687433;5,26163;4,92;
2009;6;juin-09;;Dynamical;Dynamical;Ice-ocean;4,9;;;Scientist;-0,3616333;0,3616333;4,687433;5,26163;;4,9
2009;6;juin-09;;Statistical;Statistical;Statistical;4,92;;;Scientist;-0,3416333;0,3416333;4,687433;5,26163;4,92;
2009;6;juin-09;;Statistical;Statistical;Statistical;4,6;;;Scientist;-0,6616335;0,6616335;4,687433;5,26163;4,6;
2009;6;juin-09;;Dynamical;Dynamical;Ice-ocean;4,6;;;Scientist;-0,6616335;0,6616335;4,687433;5,26163;;4,6
2009;6;juin-09;;Statistical;Statistical;Statistical;4,89;;;Scientist;-0,3716335;0,3716335;4,687433;5,26163;4,89;
2009;6;juin-09;;Heuristic;Heuristic;Heuristic;4,6;;;Scientist;-0,6616335;0,6616335;4,687433;5,26163;;
2009;6;juin-09;;Statistical;Statistical;Statistical;4,67;;;Scientist;-0,5916333;0,5916333;4,687433;5,26163;4,67;
2009;7;juil-09;;Dynamical;Dynamical;Ice-ocean;4,92;;;Scientist;-0,3416333;0,3416333;4,687433;5,26163;;4,92
2009;7;juil-09;;Heuristic;Heuristic;Heuristic;4,73;;;Scientist;-0,5316334;0,5316334;4,687433;5,26163;;
2009;7;juil-09;;Dynamical;Dynamical;Ice-ocean;4,5;;;Scientist;-0,7616334;0,7616334;4,687433;5,26163;;4,5
2009;7;juil-09;;Dynamical;Dynamical;Ice-ocean;3,99;;;Scientist;-1,271633;1,271633;4,687433;5,26163;;3,99
2009;7;juil-09;;Dynamical;Dynamical;Ice-ocean;5;;;Scientist;-0,2616334;0,2616334;4,687433;5,26163;;5
2009;7;juil-09;;Dynamical;Dynamical;Ice-ocean;4,4;;;Scientist;-0,8616333;0,8616333;4,687433;5,26163;;4,4
2009;7;juil-09;;Dynamical;Dynamical;Ice-ocean;4,6;;;Scientist;-0,6616335;0,6616335;4,687433;5,26163;;4,6
2009;7;juil-09;;Statistical;Statistical;Statistical;4,6;;;Scientist;-0,6616335;0,6616335;4,687433;5,26163;4,6;
2009;7;juil-09;;Dynamical;Dynamical;Ice-ocean;5;;;Scientist;-0,2616334;0,2616334;4,687433;5,26163;;5
2009;7;juil-09;;Statistical;Statistical;Statistical;4,67;;;Scientist;-0,5916333;0,5916333;4,687433;5,26163;4,67;
2009;7;juil-09;;Heuristic;Heuristic;Heuristic;4,6;;;Scientist;-0,6616335;0,6616335;4,687433;5,26163;;
2009;7;juil-09;;Dynamical;Dynamical;Ice-ocean;4,9;;;Scientist;-0,3616333;0,3616333;4,687433;5,26163;;4,9
2009;7;juil-09;;Statistical;Statistical;Statistical;4,16;;;Scientist;-1,101634;1,101634;4,687433;5,26163;4,16;
2009;7;juil-09;;Heuristic;Heuristic;Heuristic;4,5;;;Scientist;-0,7616334;0,7616334;4,687433;5,26163;;
2009;7;juil-09;;Heuristic;Heuristic;Heuristic;4,5;;;Scientist;-0,7616334;0,7616334;4,687433;5,26163;;
2009;7;juil-09;;Heuristic;Heuristic;Heuristic;5,2;;;Scientist;-0,0616336;0,0616336;4,687433;5,26163;;
2009;8;août-09;;Heuristic;Heuristic;Heuristic;4,5;;;Scientist;-0,7616334;0,7616334;4,687433;5,26163;;
2009;8;août-09;;Statistical;Statistical;Statistical;4,94;;;Scientist;-0,3216333;0,3216333;4,687433;5,26163;4,94;
2009;8;août-09;;Dynamical;Dynamical;Ice-ocean;4,4;;;Scientist;-0,8616333;0,8616333;4,687433;5,26163;;4,4
2009;8;août-09;;Dynamical;Dynamical;Ice-ocean;5;;;Scientist;-0,2616334;0,2616334;4,687433;5,26163;;5
2009;8;août-09;;Heuristic;Heuristic;Heuristic;4,15;;;Scientist;-1,111633;1,111633;4,687433;5,26163;;
2009;8;août-09;;Statistical;Statistical;Statistical;4,92;;;Scientist;-0,3416333;0,3416333;4,687433;5,26163;4,92;
2009;8;août-09;;Heuristic;Heuristic;Heuristic;4,7;;;Scientist;-0,5616336;0,5616336;4,687433;5,26163;;
2009;8;août-09;;Dynamical;Dynamical;Ice-ocean;4,5;;;Scientist;-0,7616334;0,7616334;4,687433;5,26163;;4,5
2009;8;août-09;;Dynamical;Dynamical;Ice-ocean;4,4;;;Scientist;-0,8616333;0,8616333;4,687433;5,26163;;4,4
2009;8;août-09;;Statistical;Statistical;Statistical;4,67;;;Scientist;-0,5916333;0,5916333;4,687433;5,26163;4,67;
2009;8;août-09;;Dynamical;Dynamical;Ice-ocean;4,62;;;Scientist;-0,6416335;0,6416335;4,687433;5,26163;;4,62
2009;8;août-09;;Heuristic;Heuristic;Heuristic;4,6;;;Scientist;-0,6616335;0,6616335;4,687433;5,26163;;
2009;8;août-09;;Heuristic;Heuristic;Heuristic;4,7;;;Scientist;-0,5616336;0,5616336;4,687433;5,26163;;
2009;8;août-09;;Statistical;Statistical;Statistical;4,3;;;Scientist;-0,9616332;0,9616332;4,687433;5,26163;4,3;
2010;6;juin-10;;Statistical;Statistical;Statistical;4,4;;;Scientist;-0,4650664;0,4650664;5,261633;4,86507;4,4;
2010;6;juin-10;;Heuristic;Heuristic;Heuristic;5,5;;;Scientist;0,6349335;0,6349335;5,261633;4,86507;;
2010;6;juin-10;;Heuristic;Heuristic;Heuristic;4,9;;;Scientist;0,0349336;0,0349336;5,261633;4,86507;;
2010;6;juin-10;;Statistical;Statistical;Statistical;4,7;;;Scientist;-0,1650667;0,1650667;5,261633;4,86507;4,7;
2010;6;juin-10;;Dynamical;Dynamical;Ice-ocean;5,4;;;Scientist;0,5349336;0,5349336;5,261633;4,86507;;5,4
2010;6;juin-10;;Heuristic;Heuristic;Heuristic;5,4;;;Scientist;0,5349336;0,5349336;5,261633;4,86507;;
2010;6;juin-10;;Heuristic;Heuristic;Heuristic;5,1;;;Scientist;0,2349334;0,2349334;5,261633;4,86507;;
2010;6;juin-10;;Statistical;Statistical;Statistical;5,1;;;Citizen;0,2349334;0,2349334;5,261633;4,86507;5,1;
2010;6;juin-10;;Heuristic;Heuristic;Heuristic;5,3;;;Scientist;0,4349337;0,4349337;5,261633;4,86507;;
2010;6;juin-10;;Heuristic;Heuristic;Heuristic;4,2;;;Scientist;-0,6650667;0,6650667;5,261633;4,86507;;
2010;6;juin-10;;Statistical;Statistical;Statistical;5,7;;;Scientist;0,8349333;0,8349333;5,261633;4,86507;5,7;
2010;6;juin-10;;Heuristic;Heuristic;Heuristic;1;;;Citizen;-3,865067;3,865067;5,261633;4,86507;;
2010;6;juin-10;;Dynamical;Dynamical;Ice-ocean-at;4,9;;;Scientist;0,0349336;0,0349336;5,261633;4,86507;;4,9
2010;6;juin-10;;Heuristic;Heuristic;Heuristic;4,9;;;Scientist;0,0349336;0,0349336;5,261633;4,86507;;
2010;6;juin-10;;Dynamical;Dynamical;Ice-ocean;4,7;;;Scientist;-0,1650667;0,1650667;5,261633;4,86507;;4,7
2010;7;juil-10;;Heuristic;Heuristic;Heuristic;4;;;Scientist;-0,8650665;0,8650665;5,261633;4,86507;;
2010;7;juil-10;;Heuristic;Heuristic;Heuristic;4,5;;;Scientist;-0,3650665;0,3650665;5,261633;4,86507;;
2010;7;juil-10;;Statistical;Statistical;Statistical;5,2;;;Scientist;0,3349333;0,3349333;5,261633;4,86507;5,2;
2010;7;juil-10;;Heuristic;Heuristic;Heuristic;4,27;;;Scientist;-0,5950665;0,5950665;5,261633;4,86507;;
2010;7;juil-10;;Heuristic;Heuristic;Heuristic;4,9;;;Scientist;0,0349336;0,0349336;5,261633;4,86507;;
2010;7;juil-10;;Dynamical;Dynamical;Ice-ocean-at;5,5;;;Scientist;0,6349335;0,6349335;5,261633;4,86507;;5,5
2010;7;juil-10;;Statistical;Statistical;Statistical;5,7;;;Scientist;0,8349333;0,8349333;5,261633;4,86507;5,7;
2010;7;juil-10;;Heuristic;Heuristic;Heuristic;4;;;Scientist;-0,8650665;0,8650665;5,261633;4,86507;;
2010;7;juil-10;;Dynamical;Dynamical;Ice-ocean;5,56;;;Scientist;0,6949334;0,6949334;5,261633;4,86507;;5,56
2010;7;juil-10;;Heuristic;Heuristic;Heuristic;4,89;;;Scientist;0,0249333;0,0249333;5,261633;4,86507;;
2010;7;juil-10;;Dynamical;Dynamical;Ice-ocean;4,8;;;Scientist;-0,0650663;0,0650663;5,261633;4,86507;;4,8
2010;7;juil-10;;Statistical;Statistical;Statistical;4,2;;;Citizen;-0,6650667;0,6650667;5,261633;4,86507;4,2;
2010;7;juil-10;;Heuristic;Heuristic;Heuristic;5,6;;;Scientist;0,7349334;0,7349334;5,261633;4,86507;;
2010;7;juil-10;;Heuristic;Heuristic;Heuristic;1;;;Citizen;-3,865067;3,865067;5,261633;4,86507;;
2010;7;juil-10;;Statistical;Statistical;Statistical;4,74;;;Scientist;-0,1250668;0,1250668;5,261633;4,86507;4,74;
2010;7;juil-10;;Statistical;Statistical;Statistical;3,96;;;Scientist;-0,9050665;0,9050665;5,261633;4,86507;3,96;
2010;7;juil-10;;Heuristic;Heuristic;Heuristic;5,4;;;Scientist;0,5349336;0,5349336;5,261633;4,86507;;
2010;8;août-10;;Dynamical;Dynamical;Ice-ocean;5,6;;;Scientist;0,7349334;0,7349334;5,261633;4,86507;;5,6
2010;8;août-10;;Heuristic;Heuristic;Heuristic;5;;;Scientist;0,1349335;0,1349335;5,261633;4,86507;;
2010;8;août-10;;Dynamical;Dynamical;Ice-ocean-at;4,6;;;Scientist;-0,2650666;0,2650666;5,261633;4,86507;;4,6
2010;8;août-10;;Dynamical;Dynamical;Ice-ocean;4,8;;;Scientist;-0,0650663;0,0650663;5,261633;4,86507;;4,8
2010;8;août-10;;Statistical;Statistical;Statistical;5;;;Scientist;0,1349335;0,1349335;5,261633;4,86507;5;
2010;8;août-10;;Heuristic;Heuristic;Heuristic;2,5;;;Citizen;-2,365067;2,365067;5,261633;4,86507;;
2010;8;août-10;;Dynamical;Dynamical;Ice-ocean-at;5,5;;;Scientist;0,6349335;0,6349335;5,261633;4,86507;;5,5
2010;8;août-10;;Heuristic;Heuristic;Heuristic;5,4;;;Scientist;0,5349336;0,5349336;5,261633;4,86507;;
2010;8;août-10;;Statistical;Statistical;Statistical;4;;;Scientist;-0,8650665;0,8650665;5,261633;4,86507;4;
2010;8;août-10;;Heuristic;Heuristic;Heuristic;5,1;;;Citizen;0,2349334;0,2349334;5,261633;4,86507;;
2010;8;août-10;;Statistical;Statistical;Statistical;5,4;;;Scientist;0,5349336;0,5349336;5,261633;4,86507;5,4;
2010;8;août-10;;Heuristic;Heuristic;Heuristic;4,5;;;Scientist;-0,3650665;0,3650665;5,261633;4,86507;;
2010;8;août-10;;Heuristic;Heuristic;Heuristic;4,9;;;Scientist;0,0349336;0,0349336;5,261633;4,86507;;
2010;8;août-10;;Statistical;Statistical;Statistical;4,9;;;Scientist;0,0349336;0,0349336;5,261633;4,86507;4,9;
2010;8;août-10;;Heuristic;Heuristic;Heuristic;4;;;Scientist;-0,8650665;0,8650665;5,261633;4,86507;;
2010;8;août-10;;Statistical;Statistical;Statistical;4,8;;;Scientist;-0,0650663;0,0650663;5,261633;4,86507;4,8;
2010;8;août-10;;Heuristic;Heuristic;Heuristic;5;;;Scientist;0,1349335;0,1349335;5,261633;4,86507;;
2010;8;août-10;;Heuristic;Heuristic;Heuristic;5,6;;;Scientist;0,7349334;0,7349334;5,261633;4,86507;;
2011;6;juin-11;;Dynamical;Dynamical;Ice-ocean-at;4;;;Scientist;-0,5613332;0,5613332;4,865067;4,56133;;4
2011;6;juin-11;;Heuristic;Heuristic;Heuristic;5,5;;;Citizen;0,9386668;0,9386668;4,865067;4,56133;;
2011;6;juin-11;;Statistical;Statistical;Statistical;4,8;;;Scientist;0,238667;0,238667;4,865067;4,56133;4,8;
2011;6;juin-11;;Statistical;Statistical;Statistical;4,1;;;Scientist;-0,4613333;0,4613333;4,865067;4,56133;4,1;
2011;6;juin-11;;Heuristic;Heuristic;Heuristic;5,6;;;Scientist;1,038667;1,038667;4,865067;4,56133;;
2011;6;juin-11;;Statistical;Statistical;Statistical;5;;;Scientist;0,4386668;0,4386668;4,865067;4,56133;5;
2011;6;juin-11;;Dynamical;Dynamical;Ice-ocean;5,4;;;Scientist;0,8386669;0,8386669;4,865067;4,56133;;5,4
2011;6;juin-11;;Statistical;Statistical;Statistical;4,7;;;Scientist;0,1386666;0,1386666;4,865067;4,56133;4,7;
2011;6;juin-11;;Heuristic;Heuristic;Heuristic;4,6;;;Scientist;0,0386667;0,0386667;4,865067;4,56133;;
2011;6;juin-11;;Dynamical;Dynamical;Ice-ocean;4,1;;;Scientist;-0,4613333;0,4613333;4,865067;4,56133;;4,1
2011;6;juin-11;;Statistical;Statistical;Statistical;4,5;;;Scientist;-0,0613332;0,0613332;4,865067;4,56133;4,5;
2011;6;juin-11;;Dynamical;Dynamical;Ice-ocean-at;5;;;Scientist;0,4386668;0,4386668;4,865067;4,56133;;5
2011;6;juin-11;;Statistical;Statistical;Statistical;4,1;;;Scientist;-0,4613333;0,4613333;4,865067;4,56133;4,1;
2011;6;juin-11;;Statistical;Statistical;Statistical;4,9;;;Scientist;0,3386669;0,3386669;4,865067;4,56133;4,9;
2011;6;juin-11;;Statistical;Statistical;Statistical;4,7;;;Scientist;0,1386666;0,1386666;4,865067;4,56133;4,7;
2011;6;juin-11;;Heuristic;Heuristic;Heuristic;4,8;;;Scientist;0,238667;0,238667;4,865067;4,56133;;
2011;6;juin-11;;Statistical;Statistical;Statistical;4,4;;;Scientist;-0,1613331;0,1613331;4,865067;4,56133;4,4;
2011;6;juin-11;;Heuristic;Heuristic;Heuristic;4,1;;;Scientist;-0,4613333;0,4613333;4,865067;4,56133;;
2011;7;juil-11;;Statistical;Statistical;Statistical;4,1;;;Scientist;-0,4613333;0,4613333;4,865067;4,56133;4,1;
2011;7;juil-11;;Heuristic;Heuristic;Heuristic;4,8;;;Scientist;0,238667;0,238667;4,865067;4,56133;;
2011;7;juil-11;;Dynamical;Dynamical;Ice-ocean-at;4;;;Scientist;-0,5613332;0,5613332;4,865067;4,56133;;4
2011;7;juil-11;;Heuristic;Heuristic;Heuristic;4,7;;;Scientist;0,1386666;0,1386666;4,865067;4,56133;;
2011;7;juil-11;;Statistical;Statistical;Statistical;4,4;;;Scientist;-0,1613331;0,1613331;4,865067;4,56133;4,4;
2011;7;juil-11;;Dynamical;Dynamical;Ice-ocean-at;4,6;;;Scientist;0,0386667;0,0386667;4,865067;4,56133;;4,6
2011;7;juil-11;;Statistical;Statistical;Statistical;4,7;;;Scientist;0,1386666;0,1386666;4,865067;4,56133;4,7;
2011;7;juil-11;;Dynamical;Dynamical;Ice-ocean;5,5;;;Scientist;0,9386668;0,9386668;4,865067;4,56133;;5,5
2011;7;juil-11;;Statistical;Statistical;Statistical;4,7;;;Scientist;0,1386666;0,1386666;4,865067;4,56133;4,7;
2011;7;juil-11;;Dynamical;Dynamical;Ice-ocean;4,3;;;Scientist;-0,261333;0,261333;4,865067;4,56133;;4,3
2011;7;juil-11;;Statistical;Statistical;Statistical;4,4;;;Citizen;-0,1613331;0,1613331;4,865067;4,56133;4,4;
2011;7;juil-11;;Statistical;Statistical;Statistical;4,2;;;Scientist;-0,3613334;0,3613334;4,865067;4,56133;4,2;
2011;7;juil-11;;Heuristic;Heuristic;Heuristic;4,6;;;Scientist;0,0386667;0,0386667;4,865067;4,56133;;
2011;7;juil-11;;Heuristic;Heuristic;Heuristic;5,1;;;Citizen;0,5386667;0,5386667;4,865067;4,56133;;
2011;8;août-11;;Heuristic;Heuristic;Heuristic;5,4;;;Scientist;0,8386669;0,8386669;4,865067;4,56133;;
2011;8;août-11;;Statistical;Statistical;Statistical;4,6;;;Scientist;0,0386667;0,0386667;4,865067;4,56133;4,6;
2011;8;août-11;;Dynamical;Dynamical;Ice-ocean-at;4,6;;;Scientist;0,0386667;0,0386667;4,865067;4,56133;;4,6
2011;8;août-11;;Statistical;Statistical;Statistical;4,5;;;Scientist;-0,0613332;0,0613332;4,865067;4,56133;4,5;
2011;8;août-11;;Statistical;Statistical;Statistical;4,1;;;Scientist;-0,4613333;0,4613333;4,865067;4,56133;4,1;
2011;8;août-11;;Heuristic;Heuristic;Heuristic;4,8;;;Scientist;0,238667;0,238667;4,865067;4,56133;;
2011;8;août-11;;Dynamical;Dynamical;Ice-ocean;4,6;;;Scientist;0,0386667;0,0386667;4,865067;4,56133;;4,6
2011;8;août-11;;Statistical;Statistical;Statistical;4,2;;;Scientist;-0,3613334;0,3613334;4,865067;4,56133;4,2;
2011;8;août-11;;Heuristic;Heuristic;Heuristic;5;;;Citizen;0,4386668;0,4386668;4,865067;4,56133;;
2011;8;août-11;;Heuristic;Heuristic;Heuristic;3,96;;;Scientist;-0,6013331;0,6013331;4,865067;4,56133;;
2011;8;août-11;;Dynamical;Dynamical;Ice-ocean-at;4,6;;;Scientist;0,0386667;0,0386667;4,865067;4,56133;;4,6
2011;8;août-11;;Statistical;Statistical;Statistical;4,5;;;Scientist;-0,0613332;0,0613332;4,865067;4,56133;4,5;
2011;8;août-11;;Heuristic;Heuristic;Heuristic;4,7;;;Scientist;0,1386666;0,1386666;4,865067;4,56133;;
2011;8;août-11;;Statistical;Statistical;Statistical;4,7;;;Scientist;0,1386666;0,1386666;4,865067;4,56133;4,7;
2011;8;août-11;;Dynamical;Dynamical;Ice-ocean;5,2;;;Scientist;0,6386666;0,6386666;4,865067;4,56133;;5,2
2011;8;août-11;;Heuristic;Heuristic;Heuristic;4,4;;;Scientist;-0,1613331;0,1613331;4,865067;4,56133;;
2011;8;août-11;;Dynamical;Dynamical;Ice-ocean-at;4;;;Scientist;-0,5613332;0,5613332;4,865067;4,56133;;4
2011;8;août-11;;Statistical;Statistical;Statistical;4,4;;;Scientist;-0,1613331;0,1613331;4,865067;4,56133;4,4;
2011;8;août-11;;Statistical;Statistical;Statistical;4,6;;;Citizen;0,0386667;0,0386667;4,865067;4,56133;4,6;
2011;8;août-11;;Statistical;Statistical;Statistical;4,1;;;Scientist;-0,4613333;0,4613333;4,865067;4,56133;4,1;
2011;8;août-11;;Statistical;Statistical;Statistical;4,3;;;Citizen;-0,261333;0,261333;4,865067;4,56133;4,3;
2012;6;juin-12;;Statistical;Statistical;Statistical;4,3;;;Scientist;0,7344003;0,7344003;4,561333;3,5656;4,3;
2012;6;juin-12;;Heuristic;Heuristic;Heuristic;4,2;;;Scientist;0,6343999;0,6343999;4,561333;3,5656;;
2012;6;juin-12;;Dynamical;Dynamical;Ice-ocean-at;4,4;;;Scientist;0,8344002;0,8344002;4,561333;3,5656;;4,4
2012;6;juin-12;;Heuristic;Heuristic;Heuristic;4,9;;;Citizen;1,3344;1,3344;4,561333;3,5656;;
2012;6;juin-12;;Dynamical;Dynamical;Ice-ocean-at;4,9;;;Scientist;1,3344;1,3344;4,561333;3,5656;;4,9
2012;6;juin-12;;Statistical;Statistical;Statistical;4,6;;;Scientist;1,0344;1,0344;4,561333;3,5656;4,6;
2012;6;juin-12;;Statistical;Statistical;Statistical;4,4;;;Scientist;0,8344002;0,8344002;4,561333;3,5656;4,4;
2012;6;juin-12;;Statistical;Statistical;Statistical;4,7;;;Scientist;1,1344;1,1344;4,561333;3,5656;4,7;
2012;6;juin-12;;Statistical;Statistical;Statistical;4,4;;;Scientist;0,8344002;0,8344002;4,561333;3,5656;4,4;
2012;6;juin-12;;Statistical;Statistical;Statistical;4,7;;;Scientist;1,1344;1,1344;4,561333;3,5656;4,7;
2012;6;juin-12;;Heuristic;Heuristic;Heuristic;4,7;;;Scientist;1,1344;1,1344;4,561333;3,5656;;
2012;6;juin-12;;Statistical;Statistical;Statistical;4,6;;;Scientist;1,0344;1,0344;4,561333;3,5656;4,6;
2012;6;juin-12;;Statistical;Statistical;Statistical;4,3;;;Scientist;0,7344003;0,7344003;4,561333;3,5656;4,3;
2012;6;juin-12;;Heuristic;Heuristic;Heuristic;4,3;;;Scientist;0,7344003;0,7344003;4,561333;3,5656;;
2012;6;juin-12;;Statistical;Statistical;Statistical;4,1;;;Scientist;0,5344;0,5344;4,561333;3,5656;4,1;
2012;6;juin-12;;Dynamical;Dynamical;Ice-ocean-at;4,9;;;Scientist;1,3344;1,3344;4,561333;3,5656;;4,9
2012;6;juin-12;;Statistical;Statistical;Statistical;4,3;;;Citizen;0,7344003;0,7344003;4,561333;3,5656;4,3;
2012;6;juin-12;;Dynamical;Dynamical;Ice-ocean;4,4;;;Scientist;0,8344002;0,8344002;4,561333;3,5656;;4,4
2012;6;juin-12;;Dynamical;Dynamical;Ice-ocean-at;4,8;;;Scientist;1,2344;1,2344;4,561333;3,5656;;4,8
2012;7;juil-12;;Statistical;Statistical;Statistical;4,4;;;Scientist;0,8344002;0,8344002;4,561333;3,5656;4,4;
2012;7;juil-12;;Dynamical;Dynamical;Ice-ocean-at;4,7;;;Scientist;1,1344;1,1344;4,561333;3,5656;;4,7
2012;7;juil-12;;Heuristic;Heuristic;Heuristic;4,3;;;Scientist;0,7344003;0,7344003;4,561333;3,5656;;
2012;7;juil-12;;Statistical;Statistical;Statistical;4,1;;;Scientist;0,5344;0,5344;4,561333;3,5656;4,1;
2012;7;juil-12;;Heuristic;Heuristic;Heuristic;4,2;;;Scientist;0,6343999;0,6343999;4,561333;3,5656;;
2012;7;juil-12;;Dynamical;Dynamical;Ice-ocean;4,8;;;Scientist;1,2344;1,2344;4,561333;3,5656;;4,8
2012;7;juil-12;;Statistical;Statistical;Statistical;4,6;;;Scientist;1,0344;1,0344;4,561333;3,5656;4,6;
2012;7;juil-12;;Heuristic;Heuristic;Heuristic;4,6;;;Citizen;1,0344;1,0344;4,561333;3,5656;;
2012;7;juil-12;;Statistical;Statistical;Statistical;4,3;;;Scientist;0,7344003;0,7344003;4,561333;3,5656;4,3;
2012;7;juil-12;;Statistical;Statistical;Statistical;4,1;;;Scientist;0,5344;0,5344;4,561333;3,5656;4,1;
2012;7;juil-12;;Heuristic;Heuristic;Heuristic;4,7;;;Scientist;1,1344;1,1344;4,561333;3,5656;;
2012;7;juil-12;;Dynamical;Dynamical;Ice-ocean;4,7;;;Scientist;1,1344;1,1344;4,561333;3,5656;;4,7
2012;7;juil-12;;Dynamical;Dynamical;Ice-ocean-at;4,4;;;Scientist;0,8344002;0,8344002;4,561333;3,5656;;4,4
2012;7;juil-12;;Statistical;Statistical;Statistical;4,1;;;Scientist;0,5344;0,5344;4,561333;3,5656;4,1;
2012;7;juil-12;;Dynamical;Dynamical;Ice-ocean-at;4,9;;;Scientist;1,3344;1,3344;4,561333;3,5656;;4,9
2012;7;juil-12;;Statistical;Statistical;Statistical;4,6;;;Scientist;1,0344;1,0344;4,561333;3,5656;4,6;
2012;7;juil-12;;Dynamical;Dynamical;Ice-ocean;4,2;;;Scientist;0,6343999;0,6343999;4,561333;3,5656;;4,2
2012;7;juil-12;;Statistical;Statistical;Statistical;4,6;;;Scientist;1,0344;1,0344;4,561333;3,5656;4,6;
2012;7;juil-12;;Dynamical;Dynamical;Ice-ocean-at;4,9;;;Scientist;1,3344;1,3344;4,561333;3,5656;;4,9
2012;7;juil-12;;Statistical;Statistical;Statistical;5;;;Scientist;1,4344;1,4344;4,561333;3,5656;5;
2012;7;juil-12;;Statistical;Statistical;Statistical;4;;;Citizen;0,4344001;0,4344001;4,561333;3,5656;4;
2012;8;août-12;;Dynamical;Dynamical;Ice-ocean-at;4,4;;;Scientist;0,8344002;0,8344002;4,561333;3,5656;;4,4
2012;8;août-12;;Statistical;Statistical;Statistical;4;;;Scientist;0,4344001;0,4344001;4,561333;3,5656;4;
2012;8;août-12;;Dynamical;Dynamical;Ice-ocean;4,3;;;Scientist;0,7344003;0,7344003;4,561333;3,5656;;4,3
2012;8;août-12;;Statistical;Statistical;Statistical;4,7;;;Scientist;1,1344;1,1344;4,561333;3,5656;4,7;
2012;8;août-12;;Statistical;Statistical;Statistical;4,2;;;Citizen;0,6343999;0,6343999;4,561333;3,5656;4,2;
2012;8;août-12;;Statistical;Statistical;Statistical;4;;;Scientist;0,4344001;0,4344001;4,561333;3,5656;4;
2012;8;août-12;;Dynamical;Dynamical;Ice-ocean;4,5;;;Scientist;0,9344001;0,9344001;4,561333;3,5656;;4,5
2012;8;août-12;;Heuristic;Heuristic;Heuristic;4,7;;;Scientist;1,1344;1,1344;4,561333;3,5656;;
2012;8;août-12;;Statistical;Statistical;Statistical;4,1;;;Scientist;0,5344;0,5344;4,561333;3,5656;4,1;
2012;8;août-12;;Statistical;Statistical;Statistical;4,1;;;Scientist;0,5344;0,5344;4,561333;3,5656;4,1;
2012;8;août-12;;Dynamical;Dynamical;Ice-ocean;4,4;;;Scientist;0,8344002;0,8344002;4,561333;3,5656;;4,4
2012;8;août-12;;Dynamical;Dynamical;Ice-ocean-at;4,7;;;Scientist;1,1344;1,1344;4,561333;3,5656;;4,7
2012;8;août-12;;Heuristic;Heuristic;Heuristic;4,3;;;Scientist;0,7344003;0,7344003;4,561333;3,5656;;
2012;8;août-12;;Statistical;Statistical;Statistical;4;;;Citizen;0,4344001;0,4344001;4,561333;3,5656;4;
2012;8;août-12;;Dynamical;Dynamical;Ice-ocean-at;3,9;;;Scientist;0,3344002;0,3344002;4,561333;3,5656;;3,9
2012;8;août-12;;Heuristic;Heuristic;Heuristic;4,2;;;Scientist;0,6343999;0,6343999;4,561333;3,5656;;
2012;8;août-12;;Heuristic;Heuristic;Heuristic;4,5;;;Citizen;0,9344001;0,9344001;4,561333;3,5656;;
2012;8;août-12;;Statistical;Statistical;Statistical;4,6;;;Scientist;1,0344;1,0344;4,561333;3,5656;4,6;
2012;8;août-12;;Heuristic;Heuristic;Heuristic;4,7;;;Scientist;1,1344;1,1344;4,561333;3,5656;;
2012;8;août-12;;Heuristic;Heuristic;Heuristic;4,3;;;Citizen;0,7344003;0,7344003;4,561333;3,5656;;
2012;8;août-12;;Statistical;Statistical;Statistical;4,1;;;Scientist;0,5344;0,5344;4,561333;3,5656;4,1;
2012;8;août-12;;Statistical;Statistical;Statistical;4,5;;;Scientist;0,9344001;0,9344001;4,561333;3,5656;4,5;
2012;8;août-12;;Dynamical;Dynamical;Ice-ocean-at;4,9;;;Scientist;1,3344;1,3344;4,561333;3,5656;;4,9
2013;6;juin-13;;Dynamical;Dynamical;Ice-ocean-at;4,4;;;Scientist;-0,8082666;0,8082666;3,5656;5,20827;;4,4
2013;6;juin-13;;Heuristic;Heuristic;Heuristic;4;;;Scientist;-1,208267;1,208267;3,5656;5,20827;;
2013;6;juin-13;;Dynamical;Dynamical;Ice-ocean;3,5;;;Scientist;-1,708267;1,708267;3,5656;5,20827;;3,5
2013;6;juin-13;;Heuristic;Heuristic;Heuristic;3,7;;;Scientist;-1,508267;1,508267;3,5656;5,20827;;
2013;6;juin-13;;Dynamical;Dynamical;Ice-ocean;5;;;Scientist;-0,2082667;0,2082667;3,5656;5,20827;;5
2013;6;juin-13;;Heuristic;Heuristic;Heuristic;4,2;;;Citizen;-1,008267;1,008267;3,5656;5,20827;;
2013;6;juin-13;;Statistical;Statistical;Statistical;3,8;;;Scientist;-1,408267;1,408267;3,5656;5,20827;3,8;
2013;6;juin-13;;Statistical;Statistical;Statistical;3,5;;;Citizen;-1,708267;1,708267;3,5656;5,20827;3,5;
2013;6;juin-13;;Statistical;Statistical;Statistical;3,8;;;Scientist;-1,408267;1,408267;3,5656;5,20827;3,8;
2013;6;juin-13;;Dynamical;Dynamical;Ice-ocean;4,3;;;Scientist;-0,9082665;0,9082665;3,5656;5,20827;;4,3
2013;6;juin-13;;Dynamical;Dynamical;Ice-ocean;4,9;;;Scientist;-0,3082666;0,3082666;3,5656;5,20827;;4,9
2013;6;juin-13;;Statistical;Statistical;Statistical;4,7;;;Scientist;-0,5082669;0,5082669;3,5656;5,20827;4,7;
2013;6;juin-13;;Statistical;Statistical;Statistical;3,9;;;Scientist;-1,308267;1,308267;3,5656;5,20827;3,9;
2013;6;juin-13;;Dynamical;Dynamical;Ice-ocean-at;3,4;;;Scientist;-1,808267;1,808267;3,5656;5,20827;;3,4
2013;6;juin-13;;Dynamical;Dynamical;Ice-ocean-at;4,1;;;Scientist;-1,108267;1,108267;3,5656;5,20827;;4,1
2013;6;juin-13;;Heuristic;Heuristic;Heuristic;6;;;Citizen;0,7917333;0,7917333;3,5656;5,20827;;
2013;6;juin-13;;Statistical;Statistical;Statistical;4,2;;;Scientist;-1,008267;1,008267;3,5656;5,20827;4,2;
2013;6;juin-13;;Heuristic;Heuristic;Heuristic;4,8;;;Citizen;-0,4082665;0,4082665;3,5656;5,20827;;
2013;6;juin-13;;Statistical;Statistical;Statistical;4,1;;;Scientist;-1,108267;1,108267;3,5656;5,20827;4,1;
2013;6;juin-13;;Statistical;Statistical;Statistical;3,6;;;Citizen;-1,608267;1,608267;3,5656;5,20827;3,6;
2013;6;juin-13;;Statistical;Statistical;Statistical;4,1;;;Scientist;-1,108267;1,108267;3,5656;5,20827;4,1;
2013;6;juin-13;;Dynamical;Dynamical;Ice-ocean-at;4,4;;;Scientist;-0,8082666;0,8082666;3,5656;5,20827;;4,4
2013;6;juin-13;;Heuristic;Heuristic;Heuristic;3,8;;;Scientist;-1,408267;1,408267;3,5656;5,20827;;
2013;7;juil-13;;Statistical;Statistical;Statistical;4,7;;;Scientist;-0,5082669;0,5082669;3,5656;5,20827;4,7;
2013;7;juil-13;;Heuristic;Heuristic;Heuristic;3,2;;;Citizen;-2,008267;2,008267;3,5656;5,20827;;
2013;7;juil-13;;Dynamical;Dynamical;Ice-ocean-at;4,7;;;Scientist;-0,5082669;0,5082669;3,5656;5,20827;;4,7
2013;7;juil-13;;Statistical;Statistical;Statistical;4,1;;;Scientist;-1,108267;1,108267;3,5656;5,20827;4,1;
2013;7;juil-13;;Dynamical;Dynamical;Ice-ocean-at;5,9;;;Scientist;0,6917334;0,6917334;3,5656;5,20827;;5,9
2013;7;juil-13;;Statistical;Statistical;Statistical;3,6;;;Citizen;-1,608267;1,608267;3,5656;5,20827;3,6;
2013;7;juil-13;;Statistical;Statistical;Statistical;3,8;;;Scientist;-1,408267;1,408267;3,5656;5,20827;3,8;
2013;7;juil-13;;Dynamical;Dynamical;Ice-ocean-at;3,7;;;Scientist;-1,508267;1,508267;3,5656;5,20827;;3,7
2013;7;juil-13;;Heuristic;Heuristic;Heuristic;3,7;;;Scientist;-1,508267;1,508267;3,5656;5,20827;;
2013;7;juil-13;;Dynamical;Dynamical;Ice-ocean-at;3,4;;;Scientist;-1,808267;1,808267;3,5656;5,20827;;3,4
2013;7;juil-13;;Statistical;Statistical;Statistical;4,6;;;Scientist;-0,6082668;0,6082668;3,5656;5,20827;4,6;
2013;7;juil-13;;Dynamical;Dynamical;Ice-ocean;4,3;;;Scientist;-0,9082665;0,9082665;3,5656;5,20827;;4,3
2013;7;juil-13;;Dynamical;Dynamical;Ice-ocean;5;;;Scientist;-0,2082667;0,2082667;3,5656;5,20827;;5
2013;7;juil-13;;Heuristic;Heuristic;Heuristic;3,8;;;Scientist;-1,408267;1,408267;3,5656;5,20827;;
2013;7;juil-13;;Dynamical;Dynamical;Ice-ocean-at;4,4;;;Scientist;-0,8082666;0,8082666;3,5656;5,20827;;4,4
2013;7;juil-13;;Statistical;Statistical;Statistical;5,1;;;Scientist;-0,1082668;0,1082668;3,5656;5,20827;5,1;
2013;7;juil-13;;Statistical;Statistical;Statistical;3,8;;;Scientist;-1,408267;1,408267;3,5656;5,20827;3,8;
2013;7;juil-13;;Statistical;Statistical;Statistical;3,9;;;Scientist;-1,308267;1,308267;3,5656;5,20827;3,9;
2013;7;juil-13;;Heuristic;Heuristic;Heuristic;4;;;Scientist;-1,208267;1,208267;3,5656;5,20827;;
2013;7;juil-13;;Dynamical;Dynamical;Ice-ocean;4;;;Scientist;-1,208267;1,208267;3,5656;5,20827;;4
2013;7;juil-13;;Dynamical;Dynamical;Ice-ocean;4;;;Scientist;-1,208267;1,208267;3,5656;5,20827;;4
2013;8;août-13;;Dynamical;Dynamical;Ice-ocean-at;5,8;;;Scientist;0,5917335;0,5917335;3,5656;5,20827;;5,8
2013;8;août-13;;Heuristic;Heuristic;Heuristic;4,5;;;Scientist;-0,7082667;0,7082667;3,5656;5,20827;;
2013;8;août-13;;Dynamical;Dynamical;Ice-ocean-at;4,6;;;Scientist;-0,6082668;0,6082668;3,5656;5,20827;;4,6
2013;8;août-13;;Statistical;Statistical;Statistical;4,78;;;Scientist;-0,4282665;0,4282665;3,5656;5,20827;4,78;
2013;8;août-13;;Dynamical;Dynamical;Ice-ocean;4,14;;;Scientist;-1,068267;1,068267;3,5656;5,20827;;4,14
2013;8;août-13;;Dynamical;Dynamical;Ice-ocean-at;4,2;;;Scientist;-1,008267;1,008267;3,5656;5,20827;;4,2
2013;8;août-13;;Heuristic;Heuristic;Heuristic;4,05;;;Scientist;-1,158267;1,158267;3,5656;5,20827;;
2013;8;août-13;;Statistical;Statistical;Statistical;5,03;;;Scientist;-0,1782665;0,1782665;3,5656;5,20827;5,03;
2013;8;août-13;;Heuristic;Heuristic;Heuristic;3,8;;;Scientist;-1,408267;1,408267;3,5656;5,20827;;
2013;8;août-13;;Dynamical;Dynamical;Ice-ocean-at;5,1;;;Scientist;-0,1082668;0,1082668;3,5656;5,20827;;5,1
2013;8;août-13;;Heuristic;Heuristic;Heuristic;4,8;;;Citizen;-0,4082665;0,4082665;3,5656;5,20827;;
2013;8;août-13;;Heuristic;Heuristic;Heuristic;3,6;;;Scientist;-1,608267;1,608267;3,5656;5,20827;;
2013;8;août-13;;Statistical;Statistical;Statistical;3,8;;;Scientist;-1,408267;1,408267;3,5656;5,20827;3,8;
2013;8;août-13;;Heuristic;Heuristic;Heuristic;4,73;;;Scientist;-0,4782667;0,4782667;3,5656;5,20827;;
2014;6;juin-14;;Dynamical;Dynamical;Ice-ocean;4,7;;;Scientist;-0,5199337;0,5199337;5,208267;5,21993;;4,7
2014;6;juin-14;;Heuristic;Heuristic;Heuristic;3,2;;;Citizen;-2,019933;2,019933;5,208267;5,21993;;
2014;6;juin-14;;Mixed;Mixed;Mixed;4,5;;;Scientist;-0,7199335;0,7199335;5,208267;5,21993;;
2014;6;juin-14;;Dynamical;Dynamical;Ice-ocean-at;4,4;;;Scientist;-0,8199334;0,8199334;5,208267;5,21993;;4,4
2014;6;juin-14;;Statistical;Statistical;Statistical;4,1;;;Citizen;-1,119934;1,119934;5,208267;5,21993;4,1;
2014;6;juin-14;;Statistical;Statistical;Statistical;4,7;;;Scientist;-0,5199337;0,5199337;5,208267;5,21993;4,7;
2014;6;juin-14;;Dynamical;Dynamical;Ice-ocean-at;4,1;;;Scientist;-1,119934;1,119934;5,208267;5,21993;;4,1
2014;6;juin-14;;Heuristic;Heuristic;Heuristic;5,5;;;Scientist;0,2800665;0,2800665;5,208267;5,21993;;
2014;6;juin-14;;Dynamical;Dynamical;Ice-ocean-at;4,8;;;Scientist;-0,4199333;0,4199333;5,208267;5,21993;;4,8
2014;6;juin-14;;Dynamical;Dynamical;Ice-ocean-at;5;;;Scientist;-0,2199335;0,2199335;5,208267;5,21993;;5
2014;6;juin-14;;Statistical;Statistical;Statistical;5;;;Citizen;-0,2199335;0,2199335;5,208267;5,21993;5;
2014;6;juin-14;;Dynamical;Dynamical;Ice-ocean;4,6;;;Scientist;-0,6199336;0,6199336;5,208267;5,21993;;4,6
2014;6;juin-14;;Statistical;Statistical;Statistical;4,3;;;Scientist;-0,9199333;0,9199333;5,208267;5,21993;4,3;
2014;6;juin-14;;Dynamical;Dynamical;Ice-ocean-at;5,3;;;Scientist;0,0800667;0,0800667;5,208267;5,21993;;5,3
2014;6;juin-14;;Statistical;Statistical;Statistical;4,1;;;Scientist;-1,119934;1,119934;5,208267;5,21993;4,1;
2014;6;juin-14;;Statistical;Statistical;Statistical;5;;;Scientist;-0,2199335;0,2199335;5,208267;5,21993;5;
2014;6;juin-14;;Statistical;Statistical;Statistical;4,8;;;Scientist;-0,4199333;0,4199333;5,208267;5,21993;4,8;
2014;6;juin-14;;Mixed;Mixed;Mixed;4,9;;;Scientist;-0,3199334;0,3199334;5,208267;5,21993;;
2014;6;juin-14;;Dynamical;Dynamical;Ice-ocean-at;6,3;;;Scientist;1,080067;1,080067;5,208267;5,21993;;6,3
2014;6;juin-14;;Statistical;Statistical;Statistical;5,3;;;Scientist;0,0800667;0,0800667;5,208267;5,21993;5,3;
2014;6;juin-14;;Statistical;Statistical;Statistical;5,2;;;Scientist;-0,0199337;0,0199337;5,208267;5,21993;5,2;
2014;6;juin-14;;Mixed;Mixed;Mixed;4;;;Scientist;-1,219934;1,219934;5,208267;5,21993;;
2014;6;juin-14;;Heuristic;Heuristic;Heuristic;6,1;;;Scientist;0,8800664;0,8800664;5,208267;5,21993;;
2014;6;juin-14;;Dynamical;Dynamical;Ice-ocean;3,7;;;Scientist;-1,519933;1,519933;5,208267;5,21993;;3,7
2014;6;juin-14;;Dynamical;Dynamical;Ice-ocean;4,2;;;Scientist;-1,019934;1,019934;5,208267;5,21993;;4,2
2014;6;juin-14;;Heuristic;Heuristic;Heuristic;3,3;;;Scientist;-1,919934;1,919934;5,208267;5,21993;;
2014;6;juin-14;;Statistical;Statistical;Statistical;4,6;;;Citizen;-0,6199336;0,6199336;5,208267;5,21993;4,6;
2014;6;juin-14;;Statistical;Statistical;Statistical;5,4;;;Scientist;0,1800666;0,1800666;5,208267;5,21993;5,4;
2014;7;juil-14;;Heuristic;Heuristic;Heuristic;3,2;;;Citizen;-2,019933;2,019933;5,208267;5,21993;;
2014;7;juil-14;;Statistical;Statistical;Statistical;4,52;;;Scientist;-0,6999335;0,6999335;5,208267;5,21993;4,52;
2014;7;juil-14;;Dynamical;Dynamical;Ice-ocean;3,87;;;Scientist;-1,349934;1,349934;5,208267;5,21993;;3,87
2014;7;juil-14;;Dynamical;Dynamical;Ice-ocean-at;5,9;;;Scientist;0,6800666;0,6800666;5,208267;5,21993;;5,9
2014;7;juil-14;;Statistical;Statistical;Statistical;4,75;;;Scientist;-0,4699335;0,4699335;5,208267;5,21993;4,75;
2014;7;juil-14;;Dynamical;Dynamical;Ice-ocean-at;5,05;;;Scientist;-0,1699333;0,1699333;5,208267;5,21993;;5,05
2014;7;juil-14;;Heuristic;Heuristic;Heuristic;4,38;;;Scientist;-0,8399334;0,8399334;5,208267;5,21993;;
2014;7;juil-14;;Statistical;Statistical;Statistical;5,01;;;Scientist;-0,2099333;0,2099333;5,208267;5,21993;5,01;
2014;7;juil-14;;Dynamical;Dynamical;Ice-ocean-at;5,1;;;Scientist;-0,1199336;0,1199336;5,208267;5,21993;;5,1
2014;7;juil-14;;Mixed;Mixed;Mixed;4;;;Scientist;-1,219934;1,219934;5,208267;5,21993;;
2014;7;juil-14;;Statistical;Statistical;Statistical;5,39;;;Scientist;0,1700664;0,1700664;5,208267;5,21993;5,39;
2014;7;juil-14;;Statistical;Statistical;Statistical;5;;;Citizen;-0,2199335;0,2199335;5,208267;5,21993;5;
2014;7;juil-14;;Statistical;Statistical;Statistical;4,85;;;Scientist;-0,3699336;0,3699336;5,208267;5,21993;4,85;
2014;7;juil-14;;Statistical;Statistical;Statistical;5,37;;;Scientist;0,1500664;0,1500664;5,208267;5,21993;5,37;
2014;7;juil-14;;Dynamical;Dynamical;Ice-ocean-at;4,39;;;Scientist;-0,8299336;0,8299336;5,208267;5,21993;;4,39
2014;7;juil-14;;Statistical;Statistical;Statistical;4,7;;;Citizen;-0,5199337;0,5199337;5,208267;5,21993;4,7;
2014;7;juil-14;;Dynamical;Dynamical;Ice-ocean;4,2;;;Scientist;-1,019934;1,019934;5,208267;5,21993;;4,2
2014;7;juil-14;;Heuristic;Heuristic;Heuristic;4,4;;;Scientist;-0,8199334;0,8199334;5,208267;5,21993;;
2014;7;juil-14;;Dynamical;Dynamical;Ice-ocean;4,8;;;Scientist;-0,4199333;0,4199333;5,208267;5,21993;;4,8
2014;7;juil-14;;Dynamical;Dynamical;Ice-ocean;4,8;;;Scientist;-0,4199333;0,4199333;5,208267;5,21993;;4,8
2014;7;juil-14;;Statistical;Statistical;Statistical;4,27;;;Scientist;-0,9499335;0,9499335;5,208267;5,21993;4,27;
2014;7;juil-14;;Mixed;Mixed;Mixed;4,9;;;Scientist;-0,3199334;0,3199334;5,208267;5,21993;;
2014;7;juil-14;;Statistical;Statistical;Statistical;4,1;;;Scientist;-1,119934;1,119934;5,208267;5,21993;4,1;
2014;7;juil-14;;Dynamical;Dynamical;Ice-ocean;5;;;Scientist;-0,2199335;0,2199335;5,208267;5,21993;;5
2014;7;juil-14;;Statistical;Statistical;Statistical;5,51;;;Scientist;0,2900667;0,2900667;5,208267;5,21993;5,51;
2014;7;juil-14;;Statistical;Statistical;Statistical;4,67;;;Scientist;-0,5499334;0,5499334;5,208267;5,21993;4,67;
2014;7;juil-14;;Statistical;Statistical;Statistical;4,76;;;Scientist;-0,4599333;0,4599333;5,208267;5,21993;4,76;
2014;7;juil-14;;Statistical;Statistical;Statistical;5,5;;;Scientist;0,2800665;0,2800665;5,208267;5,21993;5,5;
2014;8;août-14;;Heuristic;Heuristic;Heuristic;5,6;;;Citizen;0,3800664;0,3800664;5,208267;5,21993;;
2014;8;août-14;;Dynamical;Dynamical;Ice-ocean-at;4,4;;;Scientist;-0,8199334;0,8199334;5,208267;5,21993;;4,4
2014;8;août-14;;Statistical;Statistical;Statistical;5;;;Scientist;-0,2199335;0,2199335;5,208267;5,21993;5;
2014;8;août-14;;Mixed;Mixed;Mixed;4;;;Scientist;-1,219934;1,219934;5,208267;5,21993;;
2014;8;août-14;;Statistical;Statistical;Statistical;4,8;;;Scientist;-0,4199333;0,4199333;5,208267;5,21993;4,8;
2014;8;août-14;;Dynamical;Dynamical;Ice-ocean-at;5,1;;;Scientist;-0,1199336;0,1199336;5,208267;5,21993;;5,1
2014;8;août-14;;Dynamical;Dynamical;Ice-ocean;4;;;Scientist;-1,219934;1,219934;5,208267;5,21993;;4
2014;8;août-14;;Statistical;Statistical;Statistical;5,4;;;Scientist;0,1800666;0,1800666;5,208267;5,21993;5,4;
2014;8;août-14;;Statistical;Statistical;Statistical;4,7;;;Scientist;-0,5199337;0,5199337;5,208267;5,21993;4,7;
2014;8;août-14;;Heuristic;Heuristic;Heuristic;4,4;;;Citizen;-0,8199334;0,8199334;5,208267;5,21993;;
2014;8;août-14;;Dynamical;Dynamical;Ice-ocean;5,1;;;Scientist;-0,1199336;0,1199336;5,208267;5,21993;;5,1
2014;8;août-14;;Statistical;Statistical;Statistical;5,1;;;Scientist;-0,1199336;0,1199336;5,208267;5,21993;5,1;
2014;8;août-14;;Dynamical;Dynamical;Ice-ocean;4,1;;;Scientist;-1,119934;1,119934;5,208267;5,21993;;4,1
2014;8;août-14;;Dynamical;Dynamical;Ice-ocean;4,5;;;Scientist;-0,7199335;0,7199335;5,208267;5,21993;;4,5
2014;8;août-14;;Dynamical;Dynamical;Ice-ocean-at;5,3;;;Scientist;0,0800667;0,0800667;5,208267;5,21993;;5,3
2014;8;août-14;;Statistical;Statistical;Statistical;4,9;;;Scientist;-0,3199334;0,3199334;5,208267;5,21993;4,9;
2014;8;août-14;;Dynamical;Dynamical;Ice-ocean-at;5,6;;;Scientist;0,3800664;0,3800664;5,208267;5,21993;;5,6
2014;8;août-14;;Dynamical;Dynamical;Ice-ocean;5,1;;;Scientist;-0,1199336;0,1199336;5,208267;5,21993;;5,1
2014;8;août-14;;Heuristic;Heuristic;Heuristic;5;;;Scientist;-0,2199335;0,2199335;5,208267;5,21993;;
2014;8;août-14;;Statistical;Statistical;Statistical;5,5;;;Scientist;0,2800665;0,2800665;5,208267;5,21993;5,5;
2014;8;août-14;;Statistical;Statistical;Statistical;4,7;;;Scientist;-0,5199337;0,5199337;5,208267;5,21993;4,7;
2014;8;août-14;;Statistical;Statistical;Statistical;4,8;;;Scientist;-0,4199333;0,4199333;5,208267;5,21993;4,8;
2014;8;août-14;;Dynamical;Dynamical;Ice-ocean-at;5,3;;;Scientist;0,0800667;0,0800667;5,208267;5,21993;;5,3
2015;6;juin-15;;Dynamical;Dynamical;Ice-ocean;5,2;;;Scientist;0,5842333;0,5842333;5,219934;4,61577;;5,2
2015;6;juin-15;;Statistical;Statistical;Statistical;5,22;;;Scientist;0,6042333;0,6042333;5,219934;4,61577;5,22;
2015;6;juin-15;;Heuristic;Heuristic;Heuristic;4,39;;;Scientist;-0,2257667;0,2257667;5,219934;4,61577;;
2015;6;juin-15;;Dynamical;Dynamical;Ice-ocean-at;4,6;;;Scientist;-0,0157666;0,0157666;5,219934;4,61577;;4,6
2015;6;juin-15;;Dynamical;Dynamical;Ice-ocean-at;5,7;;;Scientist;1,084233;1,084233;5,219934;4,61577;;5,7
2015;6;juin-15;;Statistical;Statistical;Statistical;5,6;;;Citizen;0,9842334;0,9842334;5,219934;4,61577;5,6;
2015;6;juin-15;;Statistical;Statistical;Statistical;5,1;;;Scientist;0,4842334;0,4842334;5,219934;4,61577;5,1;
2015;6;juin-15;;Dynamical;Dynamical;Ice-ocean-at;5,07;;;Scientist;0,4542336;0,4542336;5,219934;4,61577;;5,07
2015;6;juin-15;;Dynamical;Dynamical;Ice-ocean;5,06;;;Scientist;0,4442334;0,4442334;5,219934;4,61577;;5,06
2015;6;juin-15;;Dynamical;Dynamical;Ice-ocean-at;5,17;;;Scientist;0,5542336;0,5542336;5,219934;4,61577;;5,17
2015;6;juin-15;;Statistical;Statistical;Statistical;3,26;;;Citizen;-1,355767;1,355767;5,219934;4,61577;3,26;
2015;6;juin-15;;Statistical;Statistical;Statistical;5,54;;;Scientist;0,9242334;0,9242334;5,219934;4,61577;5,54;
2015;6;juin-15;;Mixed;Mixed;Mixed;3,9;;;Scientist;-0,7157664;0,7157664;5,219934;4,61577;;
2015;6;juin-15;;Mixed;Mixed;Mixed;4,7;;;Scientist;0,0842333;0,0842333;5,219934;4,61577;;
2015;6;juin-15;;Mixed;Mixed;Mixed;3,6;;;Scientist;-1,015767;1,015767;5,219934;4,61577;;
2015;6;juin-15;;Dynamical;Dynamical;Ice-ocean;5,2;;;Scientist;0,5842333;0,5842333;5,219934;4,61577;;5,2
2015;6;juin-15;;Statistical;Statistical;Statistical;4,9;;;Citizen;0,2842336;0,2842336;5,219934;4,61577;4,9;
2015;6;juin-15;;Heuristic;Heuristic;Heuristic;4,8;;;Scientist;0,1842337;0,1842337;5,219934;4,61577;;
2015;6;juin-15;;Heuristic;Heuristic;Heuristic;3,8;;;Citizen;-0,8157666;0,8157666;5,219934;4,61577;;
2015;6;juin-15;;Dynamical;Dynamical;Ice-ocean;5,67;;;Scientist;1,054234;1,054234;5,219934;4,61577;;5,67
2015;6;juin-15;;Statistical;Statistical;Statistical;4,2;;;Scientist;-0,4157667;0,4157667;5,219934;4,61577;4,2;
2015;6;juin-15;;Statistical;Statistical;Statistical;4,1;;;Scientist;-0,5157666;0,5157666;5,219934;4,61577;4,1;
2015;6;juin-15;;Statistical;Statistical;Statistical;4,99;;;Scientist;0,3742332;0,3742332;5,219934;4,61577;4,99;
2015;6;juin-15;;Statistical;Statistical;Statistical;5,15;;;Citizen;0,5342336;0,5342336;5,219934;4,61577;5,15;
2015;6;juin-15;;Dynamical;Dynamical;Ice-ocean-at;5,03;;;Scientist;0,4142337;0,4142337;5,219934;4,61577;;5,03
2015;6;juin-15;;Dynamical;Dynamical;Ice-ocean-at;4,4;;;Scientist;-0,2157664;0,2157664;5,219934;4,61577;;4,4
2015;6;juin-15;;Statistical;Statistical;Statistical;4,58;;;Scientist;-0,0357666;0,0357666;5,219934;4,61577;4,58;
2015;6;juin-15;;Statistical;Statistical;Statistical;5,48;;;Scientist;0,8642335;0,8642335;5,219934;4,61577;5,48;
2015;6;juin-15;;Dynamical;Dynamical;Ice-ocean;4,5;;;Scientist;-0,1157665;0,1157665;5,219934;4,61577;;4,5
2015;6;juin-15;;Heuristic;Heuristic;Heuristic;0,98;;;Scientist;-3,635767;3,635767;5,219934;4,61577;;
2015;7;juil-15;;Statistical;Statistical;Statistical;5,48;;;Scientist;0,8642335;0,8642335;5,219934;4,61577;5,48;
2015;7;juil-15;;Statistical;Statistical;Statistical;4,35;;;Scientist;-0,2657666;0,2657666;5,219934;4,61577;4,35;
2015;7;juil-15;;Dynamical;Dynamical;Ice-ocean-at;4,85;;;Scientist;0,2342334;0,2342334;5,219934;4,61577;;4,85
2015;7;juil-15;;Dynamical;Dynamical;Ice-ocean;5,3;;;Citizen;0,6842337;0,6842337;5,219934;4,61577;;5,3
2015;7;juil-15;;Dynamical;Dynamical;Ice-ocean-at;5,3;;;Scientist;0,6842337;0,6842337;5,219934;4,61577;;5,3
2015;7;juil-15;;Dynamical;Dynamical;Ice-ocean;5,58;;;Scientist;0,9642334;0,9642334;5,219934;4,61577;;5,58
2015;7;juil-15;;Statistical;Statistical;Statistical;4,1;;;Scientist;-0,5157666;0,5157666;5,219934;4,61577;4,1;
2015;7;juil-15;;Dynamical;Dynamical;Ice-ocean;4,2;;;Scientist;-0,4157667;0,4157667;5,219934;4,61577;;4,2
2015;7;juil-15;;Dynamical;Dynamical;Ice-ocean;5,06;;;Scientist;0,4442334;0,4442334;5,219934;4,61577;;5,06
2015;7;juil-15;;Dynamical;Dynamical;Ice-ocean-at;5,7;;;Scientist;1,084233;1,084233;5,219934;4,61577;;5,7
2015;7;juil-15;;Statistical;Statistical;Statistical;4,2;;;Scientist;-0,4157667;0,4157667;5,219934;4,61577;4,2;
2015;7;juil-15;;Heuristic;Heuristic;Heuristic;4,39;;;Scientist;-0,2257667;0,2257667;5,219934;4,61577;;
2015;7;juil-15;;Mixed;Mixed;Mixed;3,9;;;Scientist;-0,7157664;0,7157664;5,219934;4,61577;;
2015;7;juil-15;;Statistical;Statistical;Statistical;4,67;;;Scientist;0,0542336;0,0542336;5,219934;4,61577;4,67;
2015;7;juil-15;;Statistical;Statistical;Statistical;5,16;;;Scientist;0,5442333;0,5442333;5,219934;4,61577;5,16;
2015;7;juil-15;;Statistical;Statistical;Statistical;5,27;;;Scientist;0,6542335;0,6542335;5,219934;4,61577;5,27;
2015;7;juil-15;;Heuristic;Heuristic;Heuristic;0,98;;;Scientist;-3,635767;3,635767;5,219934;4,61577;;
2015;7;juil-15;;Statistical;Statistical;Statistical;5,09;;;Scientist;0,4742336;0,4742336;5,219934;4,61577;5,09;
2015;7;juil-15;;Statistical;Statistical;Statistical;5,08;;;Scientist;0,4642334;0,4642334;5,219934;4,61577;5,08;
2015;7;juil-15;;Heuristic;Heuristic;Heuristic;5,5;;;Scientist;0,8842335;0,8842335;5,219934;4,61577;;
2015;7;juil-15;;Statistical;Statistical;Statistical;4,53;;;Scientist;-0,0857663;0,0857663;5,219934;4,61577;4,53;
2015;7;juil-15;;Statistical;Statistical;Statistical;5,15;;;Citizen;0,5342336;0,5342336;5,219934;4,61577;5,15;
2015;7;juil-15;;Heuristic;Heuristic;Heuristic;3,8;;;Citizen;-0,8157666;0,8157666;5,219934;4,61577;;
2015;7;juil-15;;Dynamical;Dynamical;Ice-ocean-at;4,4;;;Scientist;-0,2157664;0,2157664;5,219934;4,61577;;4,4
2015;7;juil-15;;Dynamical;Dynamical;Ice-ocean-at;5;;;Scientist;0,3842335;0,3842335;5,219934;4,61577;;5
2015;7;juil-15;;Dynamical;Dynamical;Ice-ocean;5,1;;;Scientist;0,4842334;0,4842334;5,219934;4,61577;;5,1
2015;7;juil-15;;Mixed;Mixed;Mixed;3,6;;;Scientist;-1,015767;1,015767;5,219934;4,61577;;
2015;7;juil-15;;Mixed;Mixed;Mixed;4,7;;;Scientist;0,0842333;0,0842333;5,219934;4,61577;;
2015;7;juil-15;;Dynamical;Dynamical;Ice-ocean-at;5,03;;;Scientist;0,4142337;0,4142337;5,219934;4,61577;;5,03
2015;7;juil-15;;Dynamical;Dynamical;Ice-ocean-at;4,99;;;Scientist;0,3742332;0,3742332;5,219934;4,61577;;4,99
2015;7;juil-15;;Statistical;Statistical;Statistical;3,26;;;Citizen;-1,355767;1,355767;5,219934;4,61577;3,26;
2015;7;juil-15;;Statistical;Statistical;Statistical;5,55;;;Scientist;0,9342337;0,9342337;5,219934;4,61577;5,55;
2015;7;juil-15;;Statistical;Statistical;Statistical;5,6;;;Citizen;0,9842334;0,9842334;5,219934;4,61577;5,6;
2015;7;juil-15;;Statistical;Statistical;Statistical;4,6;;;Citizen;-0,0157666;0,0157666;5,219934;4,61577;4,6;
2015;8;août-15;;Statistical;Statistical;Statistical;4,55;;;Scientist;-0,0657663;0,0657663;5,219934;4,61577;4,55;
2015;8;août-15;;Dynamical;Dynamical;Ice-ocean-at;4,82;;;Scientist;0,2042336;0,2042336;5,219934;4,61577;;4,82
2015;8;août-15;;Dynamical;Dynamical;Ice-ocean-at;5,55;;;Scientist;0,9342337;0,9342337;5,219934;4,61577;;5,55
2015;8;août-15;;Dynamical;Dynamical;Ice-ocean-at;4,99;;;Scientist;0,3742332;0,3742332;5,219934;4,61577;;4,99
2015;8;août-15;;Dynamical;Dynamical;Ice-ocean-at;5,33;;;Scientist;0,7142334;0,7142334;5,219934;4,61577;;5,33
2015;8;août-15;;Statistical;Statistical;Statistical;5,27;;;Scientist;0,6542335;0,6542335;5,219934;4,61577;5,27;
2015;8;août-15;;Dynamical;Dynamical;Ice-ocean;5,2;;;Scientist;0,5842333;0,5842333;5,219934;4,61577;;5,2
2015;8;août-15;;Dynamical;Dynamical;Ice-ocean;4,1;;;Scientist;-0,5157666;0,5157666;5,219934;4,61577;;4,1
2015;8;août-15;;Statistical;Statistical;Statistical;4,1;;;Scientist;-0,5157666;0,5157666;5,219934;4,61577;4,1;
2015;8;août-15;;Mixed;Mixed;Mixed;3,9;;;Scientist;-0,7157664;0,7157664;5,219934;4,61577;;
2015;8;août-15;;Statistical;Statistical;Statistical;4,2;;;Scientist;-0,4157667;0,4157667;5,219934;4,61577;4,2;
2015;8;août-15;;Dynamical;Dynamical;Ice-ocean-at;5,03;;;Scientist;0,4142337;0,4142337;5,219934;4,61577;;5,03
2015;8;août-15;;Dynamical;Dynamical;Ice-ocean;4,5;;;Scientist;-0,1157665;0,1157665;5,219934;4,61577;;4,5
2015;8;août-15;;Mixed;Mixed;Mixed;4,7;;;Scientist;0,0842333;0,0842333;5,219934;4,61577;;
2015;8;août-15;;Dynamical;Dynamical;Ice-ocean-at;5;;;Scientist;0,3842335;0,3842335;5,219934;4,61577;;5
2015;8;août-15;;Statistical;Statistical;Statistical;4,88;;;Scientist;0,2642336;0,2642336;5,219934;4,61577;4,88;
2015;8;août-15;;Statistical;Statistical;Statistical;5,6;;;Citizen;0,9842334;0,9842334;5,219934;4,61577;5,6;
2015;8;août-15;;Statistical;Statistical;Statistical;4,35;;;Scientist;-0,2657666;0,2657666;5,219934;4,61577;4,35;
2015;8;août-15;;Dynamical;Dynamical;Ice-ocean-at;5,06;;;Scientist;0,4442334;0,4442334;5,219934;4,61577;;5,06
2015;8;août-15;;Heuristic;Heuristic;Heuristic;4,39;;;Scientist;-0,2257667;0,2257667;5,219934;4,61577;;
2015;8;août-15;;Statistical;Statistical;Statistical;5,36;;;Scientist;0,7442336;0,7442336;5,219934;4,61577;5,36;
2015;8;août-15;;Statistical;Statistical;Statistical;4,6;;;Citizen;-0,0157666;0,0157666;5,219934;4,61577;4,6;
2015;8;août-15;;Mixed;Mixed;Mixed;3,6;;;Scientist;-1,015767;1,015767;5,219934;4,61577;;
2015;8;août-15;;Statistical;Statistical;Statistical;5,18;;;Scientist;0,5642333;0,5642333;5,219934;4,61577;5,18;
2015;8;août-15;;Heuristic;Heuristic;Heuristic;4,8;;;Scientist;0,1842337;0,1842337;5,219934;4,61577;;
2015;8;août-15;;Dynamical;Dynamical;Ice-ocean;5,55;;;Scientist;0,9342337;0,9342337;5,219934;4,61577;;5,55
2015;8;août-15;;Statistical;Statistical;Statistical;3,9;;;Citizen;-0,7157664;0,7157664;5,219934;4,61577;3,9;
2015;8;août-15;;Statistical;Statistical;Statistical;4,67;;;Scientist;0,0542336;0,0542336;5,219934;4,61577;4,67;
2015;8;août-15;;Heuristic;Heuristic;Heuristic;4,1;;;Citizen;-0,5157666;0,5157666;5,219934;4,61577;;
2015;8;août-15;;Dynamical;Dynamical;Ice-ocean;5;;;Citizen;0,3842335;0,3842335;5,219934;4,61577;;5
2015;8;août-15;;Heuristic;Heuristic;Heuristic;0,98;;;Scientist;-3,635767;3,635767;5,219934;4,61577;;
2015;8;août-15;;Dynamical;Dynamical;Ice-ocean-at;3,7;;;Scientist;-0,9157665;0,9157665;5,219934;4,61577;;3,7
2015;8;août-15;;Dynamical;Dynamical;Ice-ocean;5,06;;;Scientist;0,4442334;0,4442334;5,219934;4,61577;;5,06
2015;8;août-15;;Statistical;Statistical;Statistical;5,44;;;Scientist;0,8242335;0,8242335;5,219934;4,61577;5,44;
2015;8;août-15;;Statistical;Statistical;Statistical;5,48;;;Scientist;0,8642335;0,8642335;5,219934;4,61577;5,48;
2015;8;août-15;;Mixed;Mixed;Mixed;2,69;;;Citizen;-1,925766;1,925766;5,219934;4,61577;;
2015;8;août-15;;Statistical;Statistical;Statistical;5,15;;;Citizen;0,5342336;0,5342336;5,219934;4,61577;5,15;
2016;6;juin-16;;Statistical;Statistical;Statistical;4,04;;;Scientist;-0,4885001;0,4885001;4,615767;4,5285;4,04;
2016;6;juin-16;;Dynamical;Dynamical;Ice-ocean-at;4,63;;;Scientist;0,1015;0,1015;4,615767;4,5285;;4,63
2016;6;juin-16;;Statistical;Statistical;Statistical;4,32;;;Scientist;-0,2084999;0,2084999;4,615767;4,5285;4,32;
2016;6;juin-16;;Dynamical;Dynamical;Ice-ocean-at;4,58;;;Scientist;0,0514998;0,0514998;4,615767;4,5285;;4,58
2016;6;juin-16;;Dynamical;Dynamical;Ice-ocean;4,73;;;Scientist;0,2014999;0,2014999;4,615767;4,5285;;4,73
2016;6;juin-16;;Statistical;Statistical;Statistical;4,19;;;Scientist;-0,3385;0,3385;4,615767;4,5285;4,19;
2016;6;juin-16;;Statistical;Statistical;Statistical;4,94;;;Scientist;0,4115;0,4115;4,615767;4,5285;4,94;
2016;6;juin-16;;Dynamical;Dynamical;Ice-ocean-at;4,8;;;Scientist;0,2715001;0,2715001;4,615767;4,5285;;4,8
2016;6;juin-16;;Statistical;Statistical;Statistical;3,8;;;Citizen;-0,7285001;0,7285001;4,615767;4,5285;3,8;
2016;6;juin-16;;Statistical;Statistical;Statistical;4,17;;;Scientist;-0,3585;0,3585;4,615767;4,5285;4,17;
2016;6;juin-16;;Heuristic;Heuristic;Heuristic;3,91;;;Scientist;-0,6185;0,6185;4,615767;4,5285;;
2016;6;juin-16;;Dynamical;Dynamical;Ice-ocean-at;4,55;;;Scientist;0,0215001;0,0215001;4,615767;4,5285;;4,55
2016;6;juin-16;;Dynamical;Dynamical;Ice-ocean-at;3,95;;;Scientist;-0,5785;0,5785;4,615767;4,5285;;3,95
2016;6;juin-16;;Statistical;Statistical;Statistical;4,27;;;Scientist;-0,2585001;0,2585001;4,615767;4,5285;4,27;
2016;6;juin-16;;Dynamical;Dynamical;Ice-ocean-at;5,23;;;Scientist;0,7014999;0,7014999;4,615767;4,5285;;5,23
2016;6;juin-16;;Dynamical;Dynamical;Ice-ocean;4,2;;;Scientist;-0,3285003;0,3285003;4,615767;4,5285;;4,2
2016;6;juin-16;;Dynamical;Dynamical;Ice-ocean-at;3,4;;;Scientist;-1,1285;1,1285;4,615767;4,5285;;3,4
2016;6;juin-16;;Dynamical;Dynamical;Ice-ocean;4,62;;;Scientist;0,0914998;0,0914998;4,615767;4,5285;;4,62
2016;6;juin-16;;Dynamical;Dynamical;Ice-ocean;5,2;;;Scientist;0,6714997;0,6714997;4,615767;4,5285;;5,2
2016;6;juin-16;;Dynamical;Dynamical;Ice-ocean;4,1;;;Scientist;-0,4285002;0,4285002;4,615767;4,5285;;4,1
2016;6;juin-16;;Statistical;Statistical;Statistical;4,86;;;Scientist;0,3315001;0,3315001;4,615767;4,5285;4,86;
2016;6;juin-16;;Statistical;Statistical;Statistical;4,29;;;Scientist;-0,2385001;0,2385001;4,615767;4,5285;4,29;
2016;6;juin-16;;Statistical;Statistical;Statistical;4,5;;;Scientist;-0,0285001;0,0285001;4,615767;4,5285;4,5;
2016;6;juin-16;;Statistical;Statistical;Statistical;4,6;;;Citizen;0,0714998;0,0714998;4,615767;4,5285;4,6;
2016;6;juin-16;;Heuristic;Heuristic;Heuristic;4,14;;;Scientist;-0,3885002;0,3885002;4,615767;4,5285;;
2016;6;juin-16;;Statistical;Statistical;Statistical;3,8;;;Scientist;-0,7285001;0,7285001;4,615767;4,5285;3,8;
2016;6;juin-16;;Heuristic;Heuristic;Heuristic;4;;;Scientist;-0,5285001;0,5285001;4,615767;4,5285;;
2016;6;juin-16;;Dynamical;Dynamical;Ice-ocean-at;3,6;;;Scientist;-0,9285002;0,9285002;4,615767;4,5285;;3,6
2016;6;juin-16;;Statistical;Statistical;Statistical;4,1;;;Citizen;-0,4285002;0,4285002;4,615767;4,5285;4,1;
2016;6;juin-16;;Statistical;Statistical;Statistical;4,68;;;Scientist;0,1514997;0,1514997;4,615767;4,5285;4,68;
2016;7;juil-16;;Statistical;Statistical;Statistical;3,9;;;Scientist;-0,6285;0,6285;4,615767;4,5285;3,9;
2016;7;juil-16;;Dynamical;Dynamical;Ice-ocean-at;5,23;;;Scientist;0,7014999;0,7014999;4,615767;4,5285;;5,23
2016;7;juil-16;;Dynamical;Dynamical;Ice-ocean-at;4,8;;;Scientist;0,2715001;0,2715001;4,615767;4,5285;;4,8
2016;7;juil-16;;Statistical;Statistical;Statistical;5,2;;;Scientist;0,6714997;0,6714997;4,615767;4,5285;5,2;
2016;7;juil-16;;Statistical;Statistical;Statistical;4,25;;;Scientist;-0,2785001;0,2785001;4,615767;4,5285;4,25;
2016;7;juil-16;;Statistical;Statistical;Statistical;4,6;;;Scientist;0,0714998;0,0714998;4,615767;4,5285;4,6;
2016;7;juil-16;;Dynamical;Dynamical;Ice-ocean;4,39;;;Scientist;-0,1385002;0,1385002;4,615767;4,5285;;4,39
2016;7;juil-16;;Dynamical;Dynamical;Ice-ocean;5,2;;;Scientist;0,6714997;0,6714997;4,615767;4,5285;;5,2
2016;7;juil-16;;Dynamical;Dynamical;Ice-ocean-at;4,7;;;Scientist;0,1714997;0,1714997;4,615767;4,5285;;4,7
2016;7;juil-16;;Statistical;Statistical;Statistical;4,12;;;Scientist;-0,4085002;0,4085002;4,615767;4,5285;4,12;
2016;7;juil-16;;Statistical;Statistical;Statistical;4,3;;;Scientist;-0,2284999;0,2284999;4,615767;4,5285;4,3;
2016;7;juil-16;;Heuristic;Heuristic;Heuristic;4,14;;;Scientist;-0,3885002;0,3885002;4,615767;4,5285;;
2016;7;juil-16;;Dynamical;Dynamical;Ice-ocean-at;4,63;;;Scientist;0,1015;0,1015;4,615767;4,5285;;4,63
2016;7;juil-16;;Statistical;Statistical;Statistical;4,33;;;Scientist;-0,1985002;0,1985002;4,615767;4,5285;4,33;
2016;7;juil-16;;Statistical;Statistical;Statistical;4,68;;;Scientist;0,1514997;0,1514997;4,615767;4,5285;4,68;
2016;7;juil-16;;Dynamical;Dynamical;Ice-ocean-at;3,6;;;Scientist;-0,9285002;0,9285002;4,615767;4,5285;;3,6
2016;7;juil-16;;Heuristic;Heuristic;Heuristic;3,91;;;Scientist;-0,6185;0,6185;4,615767;4,5285;;
2016;7;juil-16;;Dynamical;Dynamical;Ice-ocean-at;4,09;;;Scientist;-0,4384999;0,4384999;4,615767;4,5285;;4,09
2016;7;juil-16;;Mixed;Mixed;Mixed;4,3;;;Scientist;-0,2284999;0,2284999;4,615767;4,5285;;
2016;7;juil-16;;Statistical;Statistical;Statistical;4,27;;;Scientist;-0,2585001;0,2585001;4,615767;4,5285;4,27;
2016;7;juil-16;;Heuristic;Heuristic;Heuristic;4;;;Scientist;-0,5285001;0,5285001;4,615767;4,5285;;
2016;7;juil-16;;Statistical;Statistical;Statistical;4,53;;;Scientist;0,0015001;0,0015001;4,615767;4,5285;4,53;
2016;7;juil-16;;Dynamical;Dynamical;Ice-ocean;3,8;;;Scientist;-0,7285001;0,7285001;4,615767;4,5285;;3,8
2016;7;juil-16;;Statistical;Statistical;Statistical;4,04;;;Scientist;-0,4885001;0,4885001;4,615767;4,5285;4,04;
2016;7;juil-16;;Dynamical;Dynamical;Ice-ocean;4,32;;;Scientist;-0,2084999;0,2084999;4,615767;4,5285;;4,32
2016;7;juil-16;;Statistical;Statistical;Statistical;4,4;;;Scientist;-0,1285;0,1285;4,615767;4,5285;4,4;
2016;7;juil-16;;Dynamical;Dynamical;Ice-ocean-at;3,8;;;Scientist;-0,7285001;0,7285001;4,615767;4,5285;;3,8
2016;7;juil-16;;Mixed;Mixed;Mixed;4,48;;;Citizen;-0,0485001;0,0485001;4,615767;4,5285;;
2016;7;juil-16;;Statistical;Statistical;Statistical;4,1;;;Citizen;-0,4285002;0,4285002;4,615767;4,5285;4,1;
2016;7;juil-16;;Statistical;Statistical;Statistical;4,36;;;Scientist;-0,1684999;0,1684999;4,615767;4,5285;4,36;
2016;7;juil-16;;Dynamical;Dynamical;Ice-ocean;4,62;;;Scientist;0,0914998;0,0914998;4,615767;4,5285;;4,62
2016;7;juil-16;;Dynamical;Dynamical;Ice-ocean-at;4,36;;;Scientist;-0,1684999;0,1684999;4,615767;4,5285;;4,36
2016;7;juil-16;;Statistical;Statistical;Statistical;4,31;;;Scientist;-0,2185001;0,2185001;4,615767;4,5285;4,31;
2016;7;juil-16;;Statistical;Statistical;Statistical;4,1;;;Citizen;-0,4285002;0,4285002;4,615767;4,5285;4,1;
2016;7;juil-16;;Statistical;Statistical;Statistical;4,97;;;Scientist;0,4414997;0,4414997;4,615767;4,5285;4,97;
2016;7;juil-16;;Dynamical;Dynamical;Ice-ocean;5;;;Scientist;0,4714999;0,4714999;4,615767;4,5285;;5
2016;8;août-16;;Dynamical;Dynamical;Ice-ocean-at;4,15;;;Scientist;-0,3785;0,3785;4,615767;4,5285;;4,15
2016;8;août-16;;Statistical;Statistical;Statistical;4,39;;;Scientist;-0,1385002;0,1385002;4,615767;4,5285;4,39;
2016;8;août-16;;Statistical;Statistical;Statistical;4,05;;;Scientist;-0,4784999;0,4784999;4,615767;4,5285;4,05;
2016;8;août-16;;Statistical;Statistical;Statistical;4,82;;;Scientist;0,2915001;0,2915001;4,615767;4,5285;4,82;
2016;8;août-16;;Dynamical;Dynamical;Ice-ocean;5,1;;;Scientist;0,5714998;0,5714998;4,615767;4,5285;;5,1
2016;8;août-16;;Dynamical;Dynamical;Ice-ocean-at;4,7;;;Scientist;0,1714997;0,1714997;4,615767;4,5285;;4,7
2016;8;août-16;;Dynamical;Dynamical;Ice-ocean-at;4,39;;;Scientist;-0,1385002;0,1385002;4,615767;4,5285;;4,39
2016;8;août-16;;Dynamical;Dynamical;Ice-ocean;3,7;;;Scientist;-0,8285;0,8285;4,615767;4,5285;;3,7
2016;8;août-16;;Dynamical;Dynamical;Ice-ocean-at;4,72;;;Scientist;0,1914997;0,1914997;4,615767;4,5285;;4,72
2016;8;août-16;;Statistical;Statistical;Statistical;4,31;;;Scientist;-0,2185001;0,2185001;4,615767;4,5285;4,31;
2016;8;août-16;;Dynamical;Dynamical;Ice-ocean-at;5,23;;;Scientist;0,7014999;0,7014999;4,615767;4,5285;;5,23
2016;8;août-16;;Statistical;Statistical;Statistical;4,4;;;Scientist;-0,1285;0,1285;4,615767;4,5285;4,4;
2016;8;août-16;;Statistical;Statistical;Statistical;4,65;;;Scientist;0,1215;0,1215;4,615767;4,5285;4,65;
2016;8;août-16;;Statistical;Statistical;Statistical;5,2;;;Scientist;0,6714997;0,6714997;4,615767;4,5285;5,2;
2016;8;août-16;;Dynamical;Dynamical;Ice-ocean;5,2;;;Scientist;0,6714997;0,6714997;4,615767;4,5285;;5,2
2016;8;août-16;;Dynamical;Dynamical;Ice-ocean;4,62;;;Scientist;0,0914998;0,0914998;4,615767;4,5285;;4,62
2016;8;août-16;;Statistical;Statistical;Statistical;4,38;;;Scientist;-0,1485;0,1485;4,615767;4,5285;4,38;
2016;8;août-16;;Statistical;Statistical;Statistical;4,31;;;Scientist;-0,2185001;0,2185001;4,615767;4,5285;4,31;
2016;8;août-16;;Statistical;Statistical;Statistical;4,8;;;Scientist;0,2715001;0,2715001;4,615767;4,5285;4,8;
2016;8;août-16;;Dynamical;Dynamical;Ice-ocean-at;4,63;;;Scientist;0,1015;0,1015;4,615767;4,5285;;4,63
2016;8;août-16;;Dynamical;Dynamical;Ice-ocean-at;3,97;;;Scientist;-0,5585001;0,5585001;4,615767;4,5285;;3,97
2016;8;août-16;;Statistical;Statistical;Statistical;4,73;;;Scientist;0,2014999;0,2014999;4,615767;4,5285;4,73;
2016;8;août-16;;Statistical;Statistical;Statistical;4,24;;;Scientist;-0,2885003;0,2885003;4,615767;4,5285;4,24;
2016;8;août-16;;Mixed;Mixed;Mixed;4,32;;;Scientist;-0,2084999;0,2084999;4,615767;4,5285;;
2016;8;août-16;;Statistical;Statistical;Statistical;4,37;;;Scientist;-0,1585002;0,1585002;4,615767;4,5285;4,37;
2016;8;août-16;;Statistical;Statistical;Statistical;4,1;;;Citizen;-0,4285002;0,4285002;4,615767;4,5285;4,1;
2016;8;août-16;;Dynamical;Dynamical;Ice-ocean-at;4,16;;;Scientist;-0,3685002;0,3685002;4,615767;4,5285;;4,16
2016;8;août-16;;Heuristic;Heuristic;Heuristic;4;;;Scientist;-0,5285001;0,5285001;4,615767;4,5285;;
2016;8;août-16;;Dynamical;Dynamical;Ice-ocean-at;4,8;;;Scientist;0,2715001;0,2715001;4,615767;4,5285;;4,8
2016;8;août-16;;Statistical;Statistical;Statistical;4,27;;;Scientist;-0,2585001;0,2585001;4,615767;4,5285;4,27;
2016;8;août-16;;Dynamical;Dynamical;Ice-ocean;4,29;;;Scientist;-0,2385001;0,2385001;4,615767;4,5285;;4,29
2016;8;août-16;;Statistical;Statistical;Statistical;4,1;;;Citizen;-0,4285002;0,4285002;4,615767;4,5285;4,1;
2016;8;août-16;;Statistical;Statistical;Statistical;4,55;;;Scientist;0,0215001;0,0215001;4,615767;4,5285;4,55;
2016;8;août-16;;Mixed;Mixed;Mixed;4,4;;;Citizen;-0,1285;0,1285;4,615767;4,5285;;
2016;8;août-16;;Statistical;Statistical;Statistical;4,65;;;Scientist;0,1215;0,1215;4,615767;4,5285;4,65;
2016;8;août-16;;Heuristic;Heuristic;Heuristic;4,14;;;Scientist;-0,3885002;0,3885002;4,615767;4,5285;;
2016;8;août-16;;Statistical;Statistical;Statistical;4,38;;;Scientist;-0,1485;0,1485;4,615767;4,5285;4,38;
2016;8;août-16;;Dynamical;Dynamical;Ice-ocean-at;4,1;;;Scientist;-0,4285002;0,4285002;4,615767;4,5285;;4,1
2016;8;août-16;;Heuristic;Heuristic;Heuristic;3,91;;;Scientist;-0,6185;0,6185;4,615767;4,5285;;
2017;6;juin-17;NMEFC (Li & Li);Statistical;Statistical;Statistical;4,69;;;Scientist;-0,1318998;0,1318998;4,5285;4,8219;4,69;
2017;6;juin-17;Rob Dekker;Statistical;Statistical;Statistical;5,4;;;Citizen;0,5781002;0,5781002;4,5285;4,8219;5,4;
2017;6;juin-17;Nico Sun;Mixed;Mixed;Mixed;4,1;;;Citizen;-0,7219;0,7219;4,5285;4,8219;;
2017;6;juin-17;Frank Bosse;Mixed;Mixed;Mixed;4,62;;;Citizen;-0,2019;0,2019;4,5285;4,8219;;
2017;6;juin-17;GFDL/NOAA (Bushuk et al.);Dynamical;Dynamical;Ice-ocean-at;4,44;;;Scientist;-0,3818998;0,3818998;4,5285;4,8219;;4,44
2017;6;juin-17;Dmitri Kondrashov (UCLA);Statistical;Statistical;Statistical;4,67;;;Scientist;-0,1518998;0,1518998;4,5285;4,8219;4,67;
2017;6;juin-17;Ionita & Grosfeld;Statistical;Statistical;Statistical;4,12;;;Scientist;-0,7019;0,7019;4,5285;4,8219;4,12;
2017;6;juin-17;NESM;Dynamical;Dynamical;Ice-ocean-at;6;;;Scientist;1,1781;1,1781;4,5285;4,8219;;6
2017;6;juin-17;Morison;Heuristic;Heuristic;Heuristic;3,4;;;Scientist;-1,4219;1,4219;4,5285;4,8219;;
2017;6;juin-17;Cullather et al.;Dynamical;Dynamical;Ice-ocean-at;5,3;;;Scientist;0,4781003;0,4781003;4,5285;4,8219;;5,3
2017;6;juin-17;Wang et al.;Dynamical;Dynamical;Ice-ocean;4,28;;;Scientist;-0,5418997;0,5418997;4,5285;4,8219;;4,28
2017;6;juin-17;CIS (Tivy et al.);Mixed;Mixed;Mixed;4;;;Scientist;-0,8218999;0,8218999;4,5285;4,8219;;
2017;6;juin-17;UTokyo (Kimura et al.);Statistical;Statistical;Statistical;4,71;;;Scientist;-0,1118999;0,1118999;4,5285;4,8219;4,71;
2017;6;juin-17;MPAS-CWSM (Cavallo et al.);Dynamical;Dynamical;Ice-ocean-at;4,1;;;Scientist;-0,7219;0,7219;4,5285;4,8219;;4,1
2017;6;juin-17;Sanwa School;Heuristic;Heuristic;Heuristic;4,43;;;Citizen;-0,3919001;0,3919001;4,5285;4,8219;;
2017;6;juin-17;CNRM (Chevallier et al.);Dynamical;Dynamical;Ice-ocean-at;4,39;;;Scientist;-0,4319;0,4319;4,5285;4,8219;;4,39
2017;6;juin-17;RASM (Kamal et al.);Dynamical;Dynamical;Ice-ocean-at;4,353;;;Scientist;-0,4688997;0,4688997;4,5285;4,8219;;4,353
2017;6;juin-17;Kaleschke;Statistical;Statistical;Statistical;4;;;Scientist;-0,8218999;0,8218999;4,5285;4,8219;4;
2017;6;juin-17;Walt Meier, NASA;Statistical;Statistical;Statistical;4,82;;;Scientist;-0,0018997;0,0018997;4,5285;4,8219;4,82;
2017;6;juin-17;Gavin Cawley;Statistical;Statistical;Statistical;4,23;;;Scientist;-0,5918999;0,5918999;4,5285;4,8219;4,23;
2017;6;juin-17;Modified CanSIPS;Dynamical;Dynamical;Ice-ocean-at;4,53;;;Scientist;-0,2918997;0,2918997;4,5285;4,8219;;4,53
2017;6;juin-17;AWI Consortium (Kauker et al.);Dynamical;Dynamical;Ice-ocean;4,82;;;Scientist;-0,0018997;0,0018997;4,5285;4,8219;;4,82
2017;6;juin-17;CPOM (D. Schroeder, et al.);Statistical;Statistical;Statistical;5;;;Scientist;0,1781001;0,1781001;4,5285;4,8219;5;
2017;6;juin-17;Wu & Grumbine;Dynamical;Dynamical;Ice-ocean-at;4,39;;;Scientist;-0,4319;0,4319;4,5285;4,8219;;4,39
2017;6;juin-17;Slater/Barrett NSIDC;Statistical;Statistical;Statistical;4,74;;;Scientist;-0,0819001;0,0819001;4,5285;4,8219;4,74;
2017;6;juin-17;Met Office;Dynamical;Dynamical;Ice-ocean-at;3,8;;;Scientist;-1,0219;1,0219;4,5285;4,8219;;3,8
2017;6;juin-17;McGill (Tremblay et al.);Statistical;Statistical;Statistical;3,95;;;Scientist;-0,8718998;0,8718998;4,5285;4,8219;3,95;
2017;6;juin-17;Brettschneider et al.;Statistical;Statistical;Statistical;4,48;;;Scientist;-0,3418999;0,3418999;4,5285;4,8219;4,48;
2017;6;juin-17;Zhang & Schweiger;Dynamical;Dynamical;Ice-ocean;3,7;;;Scientist;-1,1219;1,1219;4,5285;4,8219;;3,7
2017;6;juin-17;NCAR/CU (Kay et al.);Heuristic;Heuristic;Heuristic;4,08;;;Scientist;-0,7419;0,7419;4,5285;4,8219;;
2017;6;juin-17;Alek Petty, NASA-GSFC;Statistical;Statistical;Statistical;4,81;;;Scientist;-0,0118999;0,0118999;4,5285;4,8219;4,81;
2017;6;juin-17;Barthélemy et al.;Dynamical;Dynamical;Ice-ocean-at;3,8;;;Scientist;-1,0219;1,0219;4,5285;4,8219;;3,8
2017;6;juin-17;FIO-ESM (Qiao et al.);Dynamical;Dynamical;Ice-ocean-at;4,5;;;Scientist;-0,3218999;0,3218999;4,5285;4,8219;;4,5
2017;7;juil-17;Frank Bosse;Mixed;Mixed;Mixed;4,62;;;Citizen;-0,2019;0,2019;4,5285;4,8219;;
2017;7;juil-17;Rob Dekker;Statistical;Statistical;Statistical;5,4;;;Citizen;0,5781002;0,5781002;4,5285;4,8219;5,4;
2017;7;juil-17;Alek Petty, NASA-GSFC;Statistical;Statistical;Statistical;4,5;18,93;;Scientist;-0,3218999;0,3218999;4,5285;4,8219;4,5;
2017;7;juil-17;CPOM (D. Schroeder, et al.);Statistical;Statistical;Statistical;5,1;;;Scientist;0,2781;0,2781;4,5285;4,8219;5,1;
2017;7;juil-17;Slater/Barrett NSIDC;Statistical;Statistical;Statistical;4,82;;;Scientist;-0,0018997;0,0018997;4,5285;4,8219;4,82;
2017;7;juil-17;MPAS-CWSM (Cavallo et al.);Dynamical;Dynamical;Ice-ocean-at;4,5;18,1;;Scientist;-0,3218999;0,3218999;4,5285;4,8219;;4,5
2017;7;juil-17;Wu & Grumbine;Dynamical;Dynamical;Ice-ocean-at;4,21;19,64;;Scientist;-0,6118999;0,6118999;4,5285;4,8219;;4,21
2017;7;juil-17;Walt Meier, NASA;Statistical;Statistical;Statistical;4,52;;;Scientist;-0,3018999;0,3018999;4,5285;4,8219;4,52;
2017;7;juil-17;McGill (Tremblay et al.);Statistical;Statistical;Statistical;3,95;;;Scientist;-0,8718998;0,8718998;4,5285;4,8219;3,95;
2017;7;juil-17;Lamont (Yuan et al.);Statistical;Statistical;Statistical;5,14;20,41;;Scientist;0,3181;0,3181;4,5285;4,8219;5,14;
2017;7;juil-17;CNRM (Chevallier et al.);Dynamical;Dynamical;Ice-ocean-at;3,11;18,37;;Scientist;-1,7119;1,7119;4,5285;4,8219;;3,11
2017;7;juil-17;Reid et al.;Statistical;Statistical;Statistical;;17,7;;Scientist;;;4,5285;4,8219;;
2017;7;juil-17;Sanwa School;Heuristic;Heuristic;Heuristic;4,43;;;Citizen;-0,3919001;0,3919001;4,5285;4,8219;;
2017;7;juil-17;Barthélemy et al.;Dynamical;Dynamical;Ice-ocean-at;3,6;18,1;;Scientist;-1,2219;1,2219;4,5285;4,8219;;3,6
2017;7;juil-17;CNRM System 6;Dynamical;Dynamical;Ice-ocean-at;4,67;17,9;;Scientist;-0,1518998;0,1518998;4,5285;4,8219;;4,67
2017;7;juil-17;NASA GMAO;Dynamical;Dynamical;Ice-ocean-at;4,9;;;Scientist;0,0781002;0,0781002;4,5285;4,8219;;4,9
2017;7;juil-17;Zhang & Schweiger;Dynamical;Dynamical;Ice-ocean;4,5;;;Scientist;-0,3218999;0,3218999;4,5285;4,8219;;4,5
2017;7;juil-17;Antarctic Gateway;Statistical;Statistical;Statistical;;18,4;;Scientist;;;4,5285;4,8219;;
2017;7;juil-17;Nico Sun;Mixed;Mixed;Mixed;4,243;;;Citizen;-0,5788999;0,5788999;4,5285;4,8219;;
2017;7;juil-17;Modified CanSIPS;Dynamical;Dynamical;Ice-ocean-at;4,33;;;Scientist;-0,4919;0,4919;4,5285;4,8219;;4,33
2017;7;juil-17;Dmitri Kondrashov (UCLA);Statistical;Statistical;Statistical;4,5;;;Scientist;-0,3218999;0,3218999;4,5285;4,8219;4,5;
2017;7;juil-17;CIS (Tivy et al.);Mixed;Mixed;Mixed;4;;;Scientist;-0,8218999;0,8218999;4,5285;4,8219;;
2017;7;juil-17;Gavin Cawley;Statistical;Statistical;Statistical;4,23;;;Scientist;-0,5918999;0,5918999;4,5285;4,8219;4,23;
2017;7;juil-17;NMEFC (Li & Li);Statistical;Statistical;Statistical;4,69;;;Scientist;-0,1318998;0,1318998;4,5285;4,8219;4,69;
2017;7;juil-17;AWI Consortium (Kauker et al.);Dynamical;Dynamical;Ice-ocean;4,93;;;Scientist;0,1080999;0,1080999;4,5285;4,8219;;4,93
2017;7;juil-17;Morison;Heuristic;Heuristic;Heuristic;3,4;;;Scientist;-1,4219;1,4219;4,5285;4,8219;;
2017;7;juil-17;Wang et al.;Dynamical;Dynamical;Ice-ocean;4,6;;;Scientist;-0,2219;0,2219;4,5285;4,8219;;4,6
2017;7;juil-17;Brettschneider et al.;Statistical;Statistical;Statistical;4,52;;;Scientist;-0,3018999;0,3018999;4,5285;4,8219;4,52;
2017;7;juil-17;Ionita & Grosfeld;Statistical;Statistical;Statistical;4,74;19,21;;Scientist;-0,0819001;0,0819001;4,5285;4,8219;4,74;
2017;7;juil-17;NCAR/CU (Kay et al.);Heuristic;Heuristic;Heuristic;4,08;;;Scientist;-0,7419;0,7419;4,5285;4,8219;;
2017;7;juil-17;RASM (Kamal et al.);Dynamical;Dynamical;Ice-ocean-at;4,11;;;Scientist;-0,7118998;0,7118998;4,5285;4,8219;;4,11
2017;7;juil-17;Zhan;Statistical;Statistical;Statistical;5,46;;;Scientist;0,6381001;0,6381001;4,5285;4,8219;5,46;
2017;7;juil-17;Hendricks;;;;;;;Scientist;;;4,5285;4,8219;;
2017;7;juil-17;UTokyo (Kimura et al.);Statistical;Statistical;Statistical;4,79;;;Scientist;-0,0318999;0,0318999;4,5285;4,8219;4,79;
2017;7;juil-17;NESM;Dynamical;Dynamical;Ice-ocean-at;4,5;21,2;;Scientist;-0,3218999;0,3218999;4,5285;4,8219;;4,5
2017;7;juil-17;FIO-ESM (Qiao et al.);Dynamical;Dynamical;Ice-ocean-at;4,45;;;Scientist;-0,3719001;0,3719001;4,5285;4,8219;;4,45
2017;7;juil-17;John;Statistical;Statistical;Statistical;4,903;;;Citizen;0,0811;0,0811;4,5285;4,8219;4,903;
2017;7;juil-17;Druckenmiller & Eicken;;;;;;;Scientist;;;4,5285;4,8219;;
2017;7;juil-17;GFDL/NOAA (Bushuk et al.);Dynamical;Dynamical;Ice-ocean-at;4,21;;;Scientist;-0,6118999;0,6118999;4,5285;4,8219;;4,21
2017;7;juil-17;Met Office;Dynamical;Dynamical;Ice-ocean-at;4;17,6;;Scientist;-0,8218999;0,8218999;4,5285;4,8219;;4
2017;8;août-17;NMEFC (Li & Li);Statistical;Statistical;Statistical;4,69;;;Scientist;-0,1318998;0,1318998;4,5285;4,8219;4,69;
2017;8;août-17;Alek Petty, NASA-GSFC;Statistical;Statistical;Statistical;4,74;18,82;;Scientist;-0,0819001;0,0819001;4,5285;4,8219;4,74;
2017;8;août-17;GFDL/NOAA (Bushuk et al.);Dynamical;Dynamical;Ice-ocean-at;3,97;;;Scientist;-0,8518999;0,8518999;4,5285;4,8219;;3,97
2017;8;août-17;Gavin Cawley;Statistical;Statistical;Statistical;4,23;;;Scientist;-0,5918999;0,5918999;4,5285;4,8219;4,23;
2017;8;août-17;CNRM System 6;Dynamical;Dynamical;Ice-ocean-at;4,67;17,9;;Scientist;-0,1518998;0,1518998;4,5285;4,8219;;4,67
2017;8;août-17;Reid et al.;Statistical;Statistical;Statistical;;17,9;;Scientist;;;4,5285;4,8219;;
2017;8;août-17;Slater/Barrett NSIDC;Statistical;Statistical;Statistical;4,77;;;Scientist;-0,0518999;0,0518999;4,5285;4,8219;4,77;
2017;8;août-17;MPAS-CWSM (Cavallo et al.);Dynamical;Dynamical;Ice-ocean-at;5;18,1;;Scientist;0,1781001;0,1781001;4,5285;4,8219;;5
2017;8;août-17;John;Statistical;Statistical;Statistical;4,971;;;Citizen;0,1491003;0,1491003;4,5285;4,8219;4,971;
2017;8;août-17;Brettschneider et al.;Statistical;Statistical;Statistical;4,52;;;Scientist;-0,3018999;0,3018999;4,5285;4,8219;4,52;
2017;8;août-17;CIS (Tivy et al.);Mixed;Mixed;Mixed;4;;;Scientist;-0,8218999;0,8218999;4,5285;4,8219;;
2017;8;août-17;Wu & Grumbine;Dynamical;Dynamical;Ice-ocean-at;4,49;19,58;;Scientist;-0,3319001;0,3319001;4,5285;4,8219;;4,49
2017;8;août-17;McGill (Tremblay et al.);Statistical;Statistical;Statistical;3,95;;;Scientist;-0,8718998;0,8718998;4,5285;4,8219;3,95;
2017;8;août-17;Kaleschke;Statistical;Statistical;Statistical;4,17;;;Scientist;-0,6518998;0,6518998;4,5285;4,8219;4,17;
2017;8;août-17;NESM;Dynamical;Dynamical;Ice-ocean-at;3,9;20,5;;Scientist;-0,9218998;0,9218998;4,5285;4,8219;;3,9
2017;8;août-17;Antarctic Gateway;Statistical;Statistical;Statistical;;18;;Scientist;;;4,5285;4,8219;;
2017;8;août-17;CPOM (D. Schroeder, et al.);Statistical;Statistical;Statistical;5,1;;;Scientist;0,2781;0,2781;4,5285;4,8219;5,1;
2017;8;août-17;Sanwa School;Heuristic;Heuristic;Heuristic;4,43;;;Citizen;-0,3919001;0,3919001;4,5285;4,8219;;
2017;8;août-17;UTokyo (Kimura et al.);Statistical;Statistical;Statistical;4,79;;;Scientist;-0,0318999;0,0318999;4,5285;4,8219;4,79;
2017;8;août-17;Walt Meier, NSIDC;Statistical;Statistical;Statistical;4,58;;;Scientist;-0,2419;0,2419;4,5285;4,8219;4,58;
2017;8;août-17;FIO-ESM (Qiao et al.);Dynamical;Dynamical;Ice-ocean-at;4,25;;;Scientist;-0,5718999;0,5718999;4,5285;4,8219;;4,25
2017;8;août-17;Rob Dekker;Statistical;Statistical;Statistical;5,4;;;Citizen;0,5781002;0,5781002;4,5285;4,8219;5,4;
2017;8;août-17;Lamont (Yuan et al.);Statistical;Statistical;Statistical;4,9;19,41;;Scientist;0,0781002;0,0781002;4,5285;4,8219;4,9;
2017;8;août-17;Met Office;Dynamical;Dynamical;Ice-ocean-at;4;17,6;;Scientist;-0,8218999;0,8218999;4,5285;4,8219;;4
2017;8;août-17;Zhang & Schweiger;Dynamical;Dynamical;Ice-ocean;4,5;;;Scientist;-0,3218999;0,3218999;4,5285;4,8219;;4,5
2017;8;août-17;Dmitri Kondrashov (UCLA);Statistical;Statistical;Statistical;4,54;;;Scientist;-0,2818999;0,2818999;4,5285;4,8219;4,54;
2017;8;août-17;Frank Bosse;Mixed;Mixed;Mixed;4,62;;;Citizen;-0,2019;0,2019;4,5285;4,8219;;
2017;8;août-17;Morison;Heuristic;Heuristic;Heuristic;3,4;;;Scientist;-1,4219;1,4219;4,5285;4,8219;;
2017;8;août-17;BSC-ES (Fu?kar et al.);Dynamical;Dynamical;Ice-ocean-at;3,08;21,5;;Scientist;-1,7419;1,7419;4,5285;4,8219;;3,08
2017;8;août-17;Barthélemy et al.;Dynamical;Dynamical;Ice-ocean-at;3,6;18;;Scientist;-1,2219;1,2219;4,5285;4,8219;;3,6
2017;8;août-17;AWI Consortium (Kauker et al.);Heuristic;Heuristic;Heuristic;5,06;;;Scientist;0,2381001;0,2381001;4,5285;4,8219;;
2017;8;août-17;Nico Sun;Mixed;Mixed;Mixed;4,6;;;Citizen;-0,2219;0,2219;4,5285;4,8219;;
2017;8;août-17;RASM (Kamal et al.);Dynamical;Dynamical;Ice-ocean-at;4,323;;;Scientist;-0,4988999;0,4988999;4,5285;4,8219;;4,323
2017;8;août-17;Ionita & Grosfeld;Statistical;Statistical;Statistical;5,17;18,5;;Scientist;0,3481002;0,3481002;4,5285;4,8219;5,17;
2017;8;août-17;Zhan;Statistical;Statistical;Statistical;5,46;;;Scientist;0,6381001;0,6381001;4,5285;4,8219;5,46;
2017;8;août-17;Wang et al.;Dynamical;Dynamical;Ice-ocean;4,68;;;Scientist;-0,1419001;0,1419001;4,5285;4,8219;;4,68
2017;8;août-17;Modified CanSIPS;Dynamical;Dynamical;Ice-ocean-at;4,45;;;Scientist;-0,3719001;0,3719001;4,5285;4,8219;;4,45
2017;8;août-17;NCAR/CU (Kay et al.);Heuristic;Heuristic;Heuristic;4,08;;;Scientist;-0,7419;0,7419;4,5285;4,8219;;
2017;8;août-17;NASA GMAO;Dynamical;Dynamical;Ice-ocean-at;4,9;;;Scientist;0,0781002;0,0781002;4,5285;4,8219;;4,9
2018;6;juin-18;;Heuristic;Heuristic;Heuristic;4,43;;;Citizen;-0,2836003;0,2836003;4,8219;4,7136;;
2018;6;juin-18;;Dynamical;Dynamical;Ice-ocean;4,9;17,8;0,58;Scientist;0,1863999;0,1863999;4,8219;4,7136;;4,9
2018;6;juin-18;;Statistical;Statistical;Statistical;4,71;;;Scientist;-0,0036001;0,0036001;4,8219;4,7136;4,71;
2018;6;juin-18;;Statistical;Statistical;Statistical;4,3;;;Citizen;-0,4136;0,4136;4,8219;4,7136;4,3;
2018;6;juin-18;;Heuristic;Heuristic;Heuristic;4,2;;;Scientist;-0,5136003;0,5136003;4,8219;4,7136;;
2018;6;juin-18;;Statistical;Statistical;Statistical;4,31;;;Scientist;-0,4036002;0,4036002;4,8219;4,7136;4,31;
2018;6;juin-18;;Mixed;Mixed;Mixed;4,87;18,01;0,36;Scientist;0,1563997;0,1563997;4,8219;4,7136;;
2018;6;juin-18;;Statistical;Statistical;Statistical;5,3;;;Scientist;0,5864;0,5864;4,8219;4,7136;5,3;
2018;6;juin-18;;Dynamical;Dynamical;Ice-ocean;5,27;;;Scientist;0,5563998;0,5563998;4,8219;4,7136;;5,27
2018;6;juin-18;;Dynamical;Dynamical;Ice-ocean-at;4,93;;0,14;Scientist;0,2163997;0,2163997;4,8219;4,7136;;4,93
2018;6;juin-18;;Statistical;Statistical;Statistical;4,38;17,77;;Scientist;-0,3336;0,3336;4,8219;4,7136;4,38;
2018;6;juin-18;;Dynamical;Dynamical;Ice-ocean-at;4,44;;;Scientist;-0,2736001;0,2736001;4,8219;4,7136;;4,44
2018;6;juin-18;;Statistical;Statistical;Statistical;4,61;;;Scientist;-0,1036;0,1036;4,8219;4,7136;4,61;
2018;6;juin-18;;Heuristic;Heuristic;Heuristic;4,55;;;Scientist;-0,1636;0,1636;4,8219;4,7136;;
2018;6;juin-18;;Statistical;Statistical;Statistical;4,71;18,68;0,54;Scientist;-0,0036001;0,0036001;4,8219;4,7136;4,71;
2018;6;juin-18;;Dynamical;Dynamical;Ice-ocean-at;4,66;17,2;;Scientist;-0,0536003;0,0536003;4,8219;4,7136;;4,66
2018;6;juin-18;;Statistical;Statistical;Statistical;4,65;;;Citizen;-0,0636001;0,0636001;4,8219;4,7136;4,65;
2018;6;juin-18;;Statistical;Statistical;Statistical;4,42;;;Scientist;-0,2936001;0,2936001;4,8219;4,7136;4,42;
2018;6;juin-18;;Dynamical;Dynamical;Ice-ocean-at;4;17,7;0,3;Scientist;-0,7136002;0,7136002;4,8219;4,7136;;4
2018;6;juin-18;;Statistical;Statistical;Statistical;4,16;;;Scientist;-0,5536003;0,5536003;4,8219;4,7136;4,16;
2018;6;juin-18;;Statistical;Statistical;Statistical;4,91;;;Scientist;0,1963997;0,1963997;4,8219;4,7136;4,91;
2018;6;juin-18;;Heuristic;Heuristic;Heuristic;3,4;;;Scientist;-1,3136;1,3136;4,8219;4,7136;;
2018;6;juin-18;;Dynamical;Dynamical;Ice-ocean;4,25;20,96;0,45;Scientist;-0,4636002;0,4636002;4,8219;4,7136;;4,25
2018;6;juin-18;;Statistical;Statistical;Statistical;4,4;;;Scientist;-0,3136001;0,3136001;4,8219;4,7136;4,4;
2018;6;juin-18;;Statistical;Statistical;Statistical;4,39;;0,5;Scientist;-0,3236003;0,3236003;4,8219;4,7136;4,39;
2018;6;juin-18;;Mixed;Mixed;Mixed;5,2;;;Citizen;0,4863997;0,4863997;4,8219;4,7136;;
2018;6;juin-18;;Dynamical;Dynamical;Ice-ocean-at;4,58;19,16;;Scientist;-0,1336002;0,1336002;4,8219;4,7136;;4,58
2018;6;juin-18;;Dynamical;Dynamical;Ice-ocean-at;5,9;20,4;0,94;Scientist;1,1864;1,1864;4,8219;4,7136;;5,9
2018;6;juin-18;;Dynamical;Dynamical;Ice-ocean;5,115;;0,45;Scientist;0,4013996;0,4013996;4,8219;4,7136;;5,115
2018;6;juin-18;;Dynamical;Dynamical;Ice-ocean-at;5,11;;;Scientist;0,3964;0,3964;4,8219;4,7136;;5,11
2018;6;juin-18;;Dynamical;Dynamical;Ice-ocean;4,63;;0,85;Scientist;-0,0836;0,0836;4,8219;4,7136;;4,63
2018;6;juin-18;;Statistical;Statistical;Statistical;4,98;18,51;0,53;Scientist;0,2663999;0,2663999;4,8219;4,7136;4,98;
2018;6;juin-18;;Statistical;Statistical;Statistical;4,26;;;Scientist;-0,4535999;0,4535999;4,8219;4,7136;4,26;
2018;6;juin-18;;Statistical;Statistical;Statistical;4,14861;;;Scientist;-0,5649862;0,5649862;4,8219;4,7136;4,148614;
2018;7;juil-18;GFDL/NOAA (Bushuk et al.);Dynamical;Dynamical;Ice-ocean;4,49;;0,13;Scientist;-0,2236004;0,2236004;4,8219;4,7136;;4,49
2018;7;juil-18;Met Office;Dynamical;Dynamical;;4,9;17,8;0,58;Scientist;0,1863999;0,1863999;4,8219;4,7136;;4,9
2018;7;juil-18;Morison;Heuristic;Heuristic;Heuristic;3,4;;;Scientist;-1,3136;1,3136;4,8219;4,7136;;
2018;7;juil-18;Xiaojun Yuan, LDEO;Statistical;Statistical;Statistical;4,78;18,95;0,6;Scientist;0,0664001;0,0664001;4,8219;4,7136;4,78;
2018;7;juil-18;McGill (Tremblay et al.);Statistical;Statistical;Statistical;4,31;;;Scientist;-0,4036002;0,4036002;4,8219;4,7136;4,31;
2018;7;juil-18;NASA GMAO;Dynamical;Dynamical;;3,91;;0,21;Scientist;-0,8036001;0,8036001;4,8219;4,7136;;3,91
2018;7;juil-18;UTokyo (Kimura et al.);Statistical;Statistical;Statistical;4,71;;;Scientist;-0,0036001;0,0036001;4,8219;4,7136;4,71;
2018;7;juil-18;Qing Bao (LASG, IAP);Mixed;Mixed;Mixed;4,87;18,01;0,36;Scientist;0,1563997;0,1563997;4,8219;4,7136;;
2018;7;juil-18;Sean Horvath, NSIDC;Statistical;Statistical;Statistical;4,59;;;Scientist;-0,1236;0,1236;4,8219;4,7136;4,59;
2018;7;juil-18;RASM (Kamal et al.);Dynamical;Dynamical;Ice-ocean;4,75;;0,468;Scientist;0,0363998;0,0363998;4,8219;4,7136;;4,75
2018;7;juil-18;UCL;Dynamical;Dynamical;;4,25;20,96;0,45;Scientist;-0,4636002;0,4636002;4,8219;4,7136;;4,25
2018;7;juil-18;Zhang & Schweiger;Dynamical;Dynamical;;4,72;;;Scientist;0,0063996;0,0063996;4,8219;4,7136;;4,72
2018;7;juil-18;Yizhe Zhan;Statistical;Statistical;Statistical;4,45;;;Scientist;-0,2636003;0,2636003;4,8219;4,7136;4,45;
2018;7;juil-18;Ionita & Grosfeld;Statistical;Statistical;Statistical;4,9;;;Scientist;0,1863999;0,1863999;4,8219;4,7136;4,9;
2018;7;juil-18;Gavin Cawley;Statistical;Statistical;Statistical;4,14861;;;Scientist;-0,5649862;0,5649862;4,8219;4,7136;4,148614;
2018;7;juil-18;FIO-ESM (Qiao et al.);Dynamical;Dynamical;Ice-ocean;5,2;;;Scientist;0,4863997;0,4863997;4,8219;4,7136;;5,2
2018;7;juil-18;IARC;Statistical;Statistical;Statistical;4,639;;;Scientist;-0,0746002;0,0746002;4,8219;4,7136;4,639;
2018;7;juil-18;Sanwa School;Heuristic;Heuristic;Heuristic;4,43;;;Citizen;-0,2836003;0,2836003;4,8219;4,7136;;
2018;7;juil-18;ECMWF SEAS5;Dynamical;Dynamical;Ice-ocean;4,93;;;Scientist;0,2163997;0,2163997;4,8219;4,7136;;4,93
2018;7;juil-18;AWI Consortium (Kauker et al.);Dynamical;Dynamical;;5,2;;;Scientist;0,4863997;0,4863997;4,8219;4,7136;;5,2
2018;7;juil-18;Walt Meier, NSIDC;Statistical;Statistical;Statistical;4,98;18,05;;Scientist;0,2663999;0,2663999;4,8219;4,7136;4,98;
2018;7;juil-18;Alek Petty, NASA-GSFC;Statistical;Statistical;Statistical;4,99;18,4;0,6;Scientist;0,2763996;0,2763996;4,8219;4,7136;4,99;
2018;7;juil-18;Slater/Barrett NSIDC;Statistical;Statistical;Statistical;4,97;;;Scientist;0,2563996;0,2563996;4,8219;4,7136;4,97;
2018;7;juil-18;Dmitri Kondrashov (UCLA);Statistical;Statistical;Statistical;4,67;;0,51;Scientist;-0,0436001;0,0436001;4,8219;4,7136;4,67;
2018;7;juil-18;NRL-NESM;Dynamical;Dynamical;;4,7;21,3;0,81;Scientist;-0,0136003;0,0136003;4,8219;4,7136;;4,7
2018;7;juil-18;Robert Grimm;Statistical;Statistical;Statistical;4,3;;;Scientist;-0,4136;0,4136;4,8219;4,7136;4,3;
2018;7;juil-18;Modified CanSIPS;Dynamical;Dynamical;Ice-ocean;5,17;;;Scientist;0,4563999;0,4563999;4,8219;4,7136;;5,17
2018;7;juil-18;CNRM (Chevallier et al.);Dynamical;Dynamical;Ice-ocean;4,99;17,83;;Scientist;0,2763996;0,2763996;4,8219;4,7136;;4,99
2018;7;juil-18;NSIDC Group Entry;Heuristic;Heuristic;Heuristic;4,55;;;Scientist;-0,1636;0,1636;4,8219;4,7136;;
2018;7;juil-18;MPAS-CESM;Dynamical;Dynamical;Ice-ocean;4,5;17,7;0,4;Scientist;-0,2136002;0,2136002;4,8219;4,7136;;4,5
2018;7;juil-18;Kay/Bailey/Holland (NCAR/CU);Heuristic;Heuristic;Heuristic;4,2;;;Scientist;-0,5136003;0,5136003;4,8219;4,7136;;
2018;7;juil-18;Rob Dekker;Statistical;Statistical;Statistical;5,19;;;Citizen;0,4763999;0,4763999;4,8219;4,7136;5,19;
2018;7;juil-18;John, Christian;Statistical;Statistical;Statistical;4,24;;;Citizen;-0,4736004;0,4736004;4,8219;4,7136;4,24;
2018;7;juil-18;Wu & Grumbine;Dynamical;Dynamical;Ice-ocean;4,84;19,62;;Scientist;0,1264;0,1264;4,8219;4,7136;;4,84
2018;7;juil-18;CPOM (D. Schroeder, et al.);Statistical;Statistical;Statistical;4,7;;;Scientist;-0,0136003;0,0136003;4,8219;4,7136;4,7;
2018;7;juil-18;NCEP CPC;Dynamical;Dynamical;;4,77;;0,9;Scientist;0,0563998;0,0563998;4,8219;4,7136;;4,77
2018;7;juil-18;Nico Sun;Statistical;Statistical;Statistical;4,48;;;Citizen;-0,2336001;0,2336001;4,8219;4,7136;4,48;
2018;7;juil-18;Frank Bosse;Mixed;Mixed;Mixed;5,2;;;Citizen;0,4863997;0,4863997;4,8219;4,7136;;
2018;7;juil-18;NMEFC (Li & Li);Statistical;Statistical;Statistical;4,42;;;Scientist;-0,2936001;0,2936001;4,8219;4,7136;4,42;
2018;8;août-18;UCL;Dynamical;Dynamical;Ice-ocean;4,25;20,96;0,45;Scientist;-0,4636002;0,4636002;4,8219;4,7136;;4,25
2018;8;août-18;Modified CanSIPS;Dynamical;Dynamical;Ice-ocean-at;5,22;;;Scientist;0,5063996;0,5063996;4,8219;4,7136;;5,22
2018;8;août-18;CNRM (Chevallier et al.);Dynamical;Dynamical;Ice-ocean-at;4,99;17,83;;Scientist;0,2763996;0,2763996;4,8219;4,7136;;4,99
2018;8;août-18;UTokyo (Kimura et al.);Statistical;Statistical;Statistical;4,71;;;Scientist;-0,0036001;0,0036001;4,8219;4,7136;4,71;
2018;8;août-18;MPAS-CESM;Dynamical;Dynamical;Ice-ocean-at;4,2;17,4;0,6;Scientist;-0,5136003;0,5136003;4,8219;4,7136;;4,2
2018;8;août-18;Lamont (Yuan et al.);Statistical;Statistical;Statistical;4,69;19,03;0,63;Scientist;-0,0236001;0,0236001;4,8219;4,7136;4,69;
2018;8;août-18;GFDL/NOAA (Bushuk et al.);Dynamical;Dynamical;Ice-ocean-at;4,49;;0,1;Scientist;-0,2236004;0,2236004;4,8219;4,7136;;4,49
2018;8;août-18;FIO-ESM (Qiao et al.);Dynamical;Dynamical;Ice-ocean-at;4,1;;;Scientist;-0,6136003;0,6136003;4,8219;4,7136;;4,1
2018;8;août-18;Wu & Grumbine;Dynamical;Dynamical;Ice-ocean-at;4,96;20,13;;Scientist;0,2463999;0,2463999;4,8219;4,7136;;4,96
2018;8;août-18;Sanwa School;Heuristic;Heuristic;Heuristic;4,43;;;Citizen;-0,2836003;0,2836003;4,8219;4,7136;;
2018;8;août-18;Morison;Heuristic;Heuristic;Heuristic;3,4;;;Scientist;-1,3136;1,3136;4,8219;4,7136;;
2018;8;août-18;NCEP CPC;Dynamical;Dynamical;;4,93;;0,88;Scientist;0,2163997;0,2163997;4,8219;4,7136;;4,93
2018;8;août-18;Qing Bao (LASG, IAP);Mixed;Mixed;Mixed;4,37;;;Scientist;-0,3436003;0,3436003;4,8219;4,7136;;
2018;8;août-18;John, Christian;Statistical;Statistical;Statistical;4,24;;;Citizen;-0,4736004;0,4736004;4,8219;4,7136;4,24;
2018;8;août-18;Met Office;Dynamical;Dynamical;;4,9;;;Scientist;0,1863999;0,1863999;4,8219;4,7136;;4,9
2018;8;août-18;NRL-NESM;Dynamical;Dynamical;Ice-ocean-at;4,3;21,7;0,64;Scientist;-0,4136;0,4136;4,8219;4,7136;;4,3
2018;8;août-18;ECMWF SEAS5;Dynamical;Dynamical;;4,97;;;Scientist;0,2563996;0,2563996;4,8219;4,7136;;4,97
2018;8;août-18;Yizhe Zhan;Statistical;Statistical;Statistical;4,45;;;Scientist;-0,2636003;0,2636003;4,8219;4,7136;4,45;
2018;8;août-18;RASM (Kamal et al.);Dynamical;Dynamical;;4,921;;0,502;Scientist;0,2073998;0,2073998;4,8219;4,7136;;4,921
2018;8;août-18;Rob Dekker;Statistical;Statistical;Statistical;5,19;;;Citizen;0,4763999;0,4763999;4,8219;4,7136;5,19;
2018;8;août-18;Robert Grimm;Statistical;Statistical;Statistical;4,3;;;Scientist;-0,4136;0,4136;4,8219;4,7136;4,3;
2018;8;août-18;Slater/Barrett NSIDC;Statistical;Statistical;Statistical;4,75;;;Scientist;0,0363998;0,0363998;4,8219;4,7136;4,75;
2018;8;août-18;Ionita & Grosfeld;Statistical;Statistical;Statistical;5,1;;;Scientist;0,3863997;0,3863997;4,8219;4,7136;5,1;
2018;8;août-18;Alek Petty, NASA-GSFC;Statistical;Statistical;Statistical;4,99;18,4;0,6;Scientist;0,2763996;0,2763996;4,8219;4,7136;4,99;
2018;8;août-18;IARC;Statistical;Statistical;Statistical;4,642;;;Scientist;-0,0716;0,0716;4,8219;4,7136;4,642;
2018;8;août-18;Gavin Cawley;Statistical;Statistical;Statistical;4,14861;;;Scientist;-0,5649862;0,5649862;4,8219;4,7136;4,148614;
2018;8;août-18;McGill (Tremblay et al.);Statistical;Statistical;Statistical;4,31;;;Scientist;-0,4036002;0,4036002;4,8219;4,7136;4,31;
2018;8;août-18;Zhang & Schweiger;Dynamical;Dynamical;Ice-ocean;4,95;;;Scientist;0,2363997;0,2363997;4,8219;4,7136;;4,95
2018;8;août-18;Sean Horvath, NSIDC;Statistical;Statistical;Statistical;4,27;;;Scientist;-0,4436002;0,4436002;4,8219;4,7136;4,27;
2018;8;août-18;AWI Consortium (Kauker et al.);Dynamical;Dynamical;Ice-ocean;5,19;;;Scientist;0,4763999;0,4763999;4,8219;4,7136;;5,19
2018;8;août-18;CPOM (D. Schroeder, et al.);Statistical;Statistical;Statistical;4,7;;;Scientist;-0,0136003;0,0136003;4,8219;4,7136;4,7;
2018;8;août-18;NASA GMAO;Dynamical;Dynamical;;3,91;;0,21;Scientist;-0,8036001;0,8036001;4,8219;4,7136;;3,91
2018;8;août-18;Frank Bosse;Mixed;Mixed;Mixed;5,2;;;Citizen;0,4863997;0,4863997;4,8219;4,7136;;
2018;8;août-18;Walt Meier, NSIDC;Statistical;Statistical;Statistical;4,57;18,24;;Scientist;-0,1436;0,1436;4,8219;4,7136;4,57;
2018;8;août-18;Dmitri Kondrashov (UCLA);Statistical;Statistical;Statistical;4,52;;0,5;Scientist;-0,1936002;0,1936002;4,8219;4,7136;4,52;
2018;8;août-18;NSIDC Group Entry;Heuristic;Heuristic;Heuristic;4,55;;;Scientist;-0,1636;0,1636;4,8219;4,7136;;
2018;8;août-18;Nico Sun;Statistical;Statistical;Statistical;4,933;;0,535;Citizen;0,2193999;0,2193999;4,8219;4,7136;4,933;
2018;8;août-18;Kay/Bailey/Holland (NCAR/CU);Heuristic;Heuristic;Heuristic;4,2;;;Scientist;-0,5136003;0,5136003;4,8219;4,7136;;
2018;8;août-18;NMEFC (Li & Li);Statistical;Statistical;Statistical;4,42;;;Scientist;-0,2936001;0,2936001;4,8219;4,7136;4,42;
